New-Identifiers-words-AVG,New-Identifiers-words-MIN,New-Abstractness-words-AVG,New-Abstractness-words-MAX,New-Abstractness-words-MIN,New-Commented-words-AVG,New-Commented-words-MAX,New-Synonym-commented-words-AVG,New-Synonym-commented-words-MAX,New-Comments-readability,New-Number-of-senses-AVG,New-Number-of-senses-MAX,New-Semantic-Text-Coherence-Standard-@-0.1,New-Semantic-Text-Coherence-Normalized-@-0.3,New-Text-Coherence-AVG,New-Text-Coherence-MIN,New-Text-Coherence-MAX,BW-Avg-Identifiers-Length,BW-Max-Identifiers-Length,BW-Avg-number-of-identifiers,BW-Max-number-of-identifiers,BW-Max-Single-identifiers,BW-Avg-operators,BW-Avg-comparisons,BW-Avg-Assignment,BW-Avg-commas,BW-Avg-periods,BW-Avg-parenthesis,BW-Max-keywords,BW-Avg-keywords,BW-Max-numbers,BW-Avg-numbers,BW-Avg-loops,BW-Avg-conditionals,BW-Avg-spaces,BW-Max-indentation,BW-Avg-indentation,BW-Avg-comments,BW-Max-char,BW-Avg-blank-lines,BW-Max-line-length,BW-Avg-line-length,Readable
0.882353,0,3.733333,10,0,0,0,1.434783,4,0,9.882353,29,6,0.833333,0,1,0,6.8889,13,1.1818,5,4,0,0,0.1818,0.0909,0.1818,0.6364,2,0.5455,0,0,0,0.0909,1.0909,6,3.2,0,17,0.0909,59,26.4545,2.99
0.848485,0,5.357143,9,0,0.151515,1,2.078947,5,0,10.181818,37,5,0.833333,0,0,0,6.9,11,1.5455,5,4,0,0.2727,0.1818,0,0.7273,1.0909,1,0.3636,1,0.4545,0,0.2727,1.7273,4,2.4444,0,19,0.1818,66,26.3636,3.74
0.805556,0,5.242424,9,0,0.083333,1,1.974359,7,0,6.444444,22,6,1,0,1,0,10.1818,19,2.7143,9,5,0.8571,0.2857,0.4286,0.1429,0.2857,1.1429,1,0.4286,1,0.4286,0,0.2857,3.8571,4,2.4286,0,17,0,110,46.1429,2.69
0.875,0,7.142857,10,3,0.041667,1,1.576923,4,100,6.5,17,5,1,0,1,0,9.5455,15,1,5,2,0,0,0.2143,0.1429,0,0.2143,1,0.1429,0,0,0,0,1.8571,3,1.2308,0.5,20,0.0714,77,35.2857,4.03
0.882353,0,4.066667,15,0,0.176471,1,0.75,3,100,11.235294,45,5,1,0.641689,1,0.641689,8.875,20,0.7,2,1,0,0,0,0,0.3,0.8,2,0.3,1,0.1,0,0.1,0.9,3,1.4,0.3,11,0,51,23.2,4.19
0.333333,0,3.2,6,0,0.133333,1,1,4,0,2.866667,15,3,0.75,0,1,0,8.6667,13,1.2,2,2,0,0,0.4,0,0,1,2,0.6,1,0.4,0,0.4,2.6,1,0.6,0,8,0,40,22.2,2.19
0.458333,0,4.5,7,0,0.541667,2,2.896552,8,100,4.791667,37,4,1,0,1,0,5.4444,13,1.4167,8,3,0.3333,0,0.25,0,0.4167,0.4167,2,0.4167,5,0.3333,0,0,2,1,0.2727,0.5,15,0.0833,68,25.6667,3.63
0.833333,0,3.863636,10,0,0,0,2.071429,4,0,9.166667,57,4,1,0,1,0,8,16,3.4,8,4,0,0,0.4,1.2,0.6,0.8,3,0.8,0,0,0,0,2.8,2,1.2,0,22,0,101,41.8,2.86
0.833333,0,4.333333,9,0,0.333333,1,2.25,7,100,5.25,37,5,1,0,1,0,6.6667,15,1.5455,5,3,0,0,0.2727,0,0.3636,0.9091,2,0.3636,0,0,0.0909,0,2.1818,3,1.3333,0.2727,19,0.1818,79,27.7273,4.13
0.794118,0,4.689655,11,0,0,0,0.272727,2,100,9.764706,37,7,1,0.267261,1,0.267261,9,24,1.2308,4,4,0,0,0,0,0.5385,0.6923,2,0.6923,1,0,0,0.0769,1.1538,3,2,0.0769,26,0,52,26.5385,3.35
0.823529,0,4.642857,8,0,0,0,0.952381,2,0,7.235294,21,5,1,0,0,0,9.5,22,0.75,2,2,0.25,0.125,0.125,0,0,0.25,2,0.5,0,0,0,0.125,1.625,4,1.8571,0,13,0.125,62,22.5,3.64
0.888889,0,4.3125,10,0,0,0,0.526316,2,0,10.333333,45,3,1,0,1,0,7.4444,16,1.375,5,2,0,0,0,0.125,0.5,0.5,0,0,0,0,0,0,0.125,2,1.4286,0,9,0.125,47,16.75,3.54
0.918919,0,3.147059,8,0,0.027027,1,4.8125,14,0,7.297297,31,7,1,0,1,0,7.6667,12,2.5455,6,7,0.3636,0.3636,0.0909,0.2727,0,0.6364,4,1,0,0,0,0.2727,4.5455,3,1.6364,0,41,0,85,40.0909,3.04
0.952381,0,4.3,10,0,0.190476,1,2.076923,5,100,8.666667,17,5,1,0.620174,1,0.620174,7.6667,13,1.0833,4,3,0,0.0833,0.0833,0,0.25,0.5,1,0.3333,0,0,0,0.0833,1.5,2,1.75,0.0833,18,0.3333,57,20.4167,4.05
0.911111,0,6,10,0,0.066667,1,1.346939,6,0,11.555556,45,4,1,0,1,0,9.8462,19,3.8333,7,6,0.3333,0,0.3333,0.8333,1.5,2,2,0.5,2,0.5,0,0,2.5,4,1.6667,0,26,0,98,53.8333,1.83
0.88,0,4.772727,11,0,0,0,0.214286,2,0,7.48,45,4,1,0,0,0,11.7143,18,1.6667,4,2,0,0.1667,0.3333,0,0.5,0.6667,1,0.5,0,0,0,0.1667,2.3333,3,1.4,0,16,0.1667,73,32.1667,2.9
0.652174,0,6.210526,10,2,0.043478,1,0.892857,4,0,5.608696,17,4,1,0,0,0,7.1,18,1.75,4,3,0.125,0.125,0.625,0,0.125,0.75,2,0.5,1,0.125,0.125,0,2.5,4,1.8571,0,18,0.125,61,26.75,3.74
0.851852,0,4.458333,8,0,0.037037,1,2.266667,6,100,8.666667,57,4,1,0,1,0,5.9333,14,2.5,7,2,0.125,0,0.25,0,0.375,0.75,1,0.375,0,0,0,0,1.5,2,1.125,0.375,21,0,63,34.5,2.47
0.846154,0,5.545455,9,0,0.115385,1,0.84375,3,100,6.461538,15,5,1,0,1,0,7.8,14,2.1,9,5,0,0,0.3,0.6,0,0.3,3,0.6,0,0,0,0,5.6,3,1.3333,0.3,18,0.1,76,30.1,3.55
1,1,2.473684,5,0,0,0,0.347826,2,0,6.894737,18,3,1,0,0,0,7.7143,15,2,4,2,0,0,0.4,0.4,0,0.4,2,0.6,0,0,0,0,3.6,2,1.2,0,15,0,71,30.8,3.26
0.8,0,5.375,9,0,0,0,0.923077,4,0,10.3,29,4,1,0,0,0,7,11,1,2,1,0,0,0.1667,0,0,0.5,2,0.5,0,0,0,0.1667,2,3,1.8333,0,8,0,40,21.6667,3.73
0.675,0,5.176471,10,0,0.2,1,1.261905,8,100,7.05,45,4,1,0,1,0,10,19,2.3333,12,4,0,0,0.1111,0.4444,0.7778,0.6667,1,0.2222,4,0,0,0,1.8889,1,0.7778,0.4444,29,0,99,33.8889,2.74
0.882353,0,3.133333,8,0,0.058824,1,2.175,7,0,12.088235,37,4,0.8,0,1,0,9.3333,15,1.75,4,5,0.5,0.25,0,0,0.75,1.5,1,0.625,1,0.25,0,0.375,2.25,3,1.875,0,32,0,89,42.125,3.93
0.678571,0,6.571429,12,0,0,0,0.114286,2,0,7.964286,45,5,1,0.963624,1,0.963624,12.1667,17,1.25,3,4,0,0,0,0.125,0,0.875,4,0.75,0,0,0,0,1.625,3,1.8333,0,20,0.25,51,28.375,3.48
0.765957,0,4.565217,12,0,0,0,1.490566,6,0,13.893617,38,6,1,0.866025,1,0.866025,6.7778,13,4,8,6,0.375,0.375,0.25,0.25,1.5,2.125,2,0.625,0,0,0,0.125,3.875,6,3.5,0,41,0,107,54.125,2.1
0.272727,0,6.666667,10,4,0.242424,1,5.277778,8,0,1.818182,10,4,0.6,0,0,0,5.7143,9,2.7778,7,6,1.2222,0.1111,0,1.3333,0.3333,0.7778,1,0.1111,3,1,0,0.2222,4.5556,14,2.5556,0,18,0,76,36.1111,2.39
0.75,0,5.391304,10,0,0.071429,1,2.193548,8,100,10.821429,40,4,1,0,1,0,8.0833,24,2.375,5,3,0.5,0,0.375,0,0.75,0.75,1,0.375,1,0.25,0,0,3.125,2,1.125,0.375,20,0,71,37,3.75
0.741935,0,4.25,10,0,0,0,2.540541,7,0,8.225806,57,6,1,0.849837,1,0.849837,7.9333,22,2.875,7,4,0,0,0.25,0,0.875,1.5,3,0.75,0,0,0.125,0.25,1.75,4,2.375,0,28,0,75,40.125,2.87
0.857143,0,5.333333,9,0,0,0,0.555556,2,0,11.428571,29,3,1,0,0,0,8.4,14,1,3,1,0,0,0.4,0,0.2,0,1,0.2,1,0.2,0,0,3.2,2,1,0,8,0.2,35,17.6,3.94
0.906977,0,3.846154,10,0,0.372093,1,0.956522,4,100,11.837209,45,5,1,0,1,0,11.25,19,1.6364,8,3,0,0.0909,0.1818,0,0.5455,0.9091,2,0.2727,0,0,0,0.0909,1.6364,3,1.3636,0.4545,21,0,124,43.8182,2.79
0.878049,0,4.055556,10,0,0,0,0.408163,4,0,5.853659,37,7,0.714286,0,0,0,12.375,24,1.3636,4,5,0.0909,0,0,0,0.3636,1,2,0.7273,0,0,0,0.1818,0.9091,6,3.2,0,41,0.0909,80,39.1818,3.26
0.727273,0,4.857143,6,0,0.136364,2,3.869565,8,100,7.590909,37,4,1,0,1,0,6.1111,11,1.875,5,4,0.125,0,0.375,0,0.625,0.625,1,0.125,1,0.125,0,0,1.625,1,0.375,0.375,17,0,69,29,4.22
0.75,0,4.944444,9,0,1.4,3,3.090909,10,100,4.7,17,4,1,0,1,0,10.8571,19,0.9091,4,2,0,0,0.2727,0.1818,0,0.1818,2,0.1818,0,0,0,0,0.9091,3,1.9091,0.5455,19,0,121,43.1818,4.02
0.904762,0,4.631579,9,2,0,0,0.607143,3,0,9.47619,41,6,1,0,1,0,11.625,22,1.2,2,3,0,0,0,0,0.3,0.3,1,0.6,0,0,0,0,0.9,4,2.625,0,33,0.2,50,26.9,4.35
0.924242,0,5.241935,9,0,0.136364,1,1.19403,5,100,10.106061,37,5,0.8,0,1,0,14.4167,22,1.6667,7,4,0,0,0,0.6667,0.5833,0.8333,1,0.0833,2,0.25,0,0,1.0833,4,1.5833,0.4167,34,0,119,47.1667,2.01
0.916667,0,4.136364,10,0,0,0,2.107143,6,0,12.916667,37,6,1,0,0,0,6.5,16,2.5714,6,4,0,0.1429,0.2857,0.7143,0.4286,0.8571,2,0.5714,0,0,0,0.1429,3.4286,5,2.7143,0.1429,22,0,70,39.2857,2.55
0.765957,0,3.72973,10,0,0,0,1.473684,5,0,8.787234,37,5,0.833333,0,0,0,9.3846,30,2.7,7,5,0,0.1,0,0.4,1,1.5,2,0.9,0,0,0.1,0.2,1.9,2,1,0,24,0,97,37.8,2.58
0.944444,0,4.941176,9,0,0,0,2.52,6,0,6.444444,37,5,1,0,1,0,7.5455,17,2.2857,6,3,0,0.1429,0.1429,0,0.7143,0.8571,2,1,0,0,0,0.2857,1.7143,3,1.7143,0,24,0,62,35,2.78
0.714286,0,4.75,12,0,0.142857,1,1.909091,4,0,6.428571,37,4,1,0,1,0,6,14,2.5,6,4,0,0,0.3333,0,0.8333,0.5,0,0,2,0.5,0,0,3.5,11,3.4,0,9,0.1667,62,33,2.97
0.904762,0,4.842105,8,0,0.809524,3,4.860465,11,100,10.428571,37,4,1,0,1,0,11,20,1.75,7,3,0,0,0.1667,0.0833,0.4167,0.75,1,0.0833,0,0,0,0,1.3333,2,1.3636,0.5,42,0.0833,92,38.3333,2.91
0.421053,0,7.8,12,3,0.052632,1,1.083333,4,0,1.578947,6,5,1,0,0,0,5.4,16,1.5714,3,3,0.1429,0.1429,0.2857,0,0,0.8571,1,0.5714,1,0.1429,0,0,2.5714,2,1.1429,0,10,0,45,21.8571,2.42
0.821429,0,4.692308,8,0,0,0,1.647059,5,0,6.714286,18,6,1,0.845154,1,0.845154,9.4,19,2,4,3,0,0.2857,0.1429,0.1429,0.2857,1.2857,3,0.7143,0,0,0,0.2857,3.2857,2,0.8571,0,22,0,62,33.5714,3.08
0.631579,0,6.8125,10,2,0,0,1.590909,4,0,7,45,4,1,0,1,0,9.5556,28,2.4,7,2,0,0,0.4,0.4,0,0.6,2,0.6,0,0,0,0,1.8,3,1.8,0,17,0,84,36,3.29
0.923077,0,1.666667,7,0,0,0,1.875,4,0,7.615385,21,4,1,0,1,0,6.6,16,1.6667,3,4,0,0,0.5,0,0.5,0.3333,1,0.3333,0,0,0,0,3,3,1.8,0,12,0.1667,43,22.3333,4.07
0.823529,0,6.34375,10,5,0,0,1.05,4,0,6.558824,21,3,0.666667,0,0,0,9.5455,14,3.4,7,4,0,0,0.6,0.4,0.6,1,2,1,0,0,0,0,4.8,2,1.2,0,22,0,97,52.2,3.84
0.833333,0,5,11,0,0.444444,2,0.869565,2,100,9.055556,37,4,0.75,0,1,0,9.5,20,0.8333,4,3,0,0.0833,0,0,0.0833,0.4167,1,0.4167,0,0,0,0.1667,1.3333,3,1.5833,0.4167,24,0,79,33.5,3.76
0.777778,0,4.217391,8,0,0.37037,1,1.129032,5,100,7.111111,21,4,1,0,1,0,9.7,22,1.1818,5,4,0,0,0.2727,0.0909,0.2727,0.4545,3,0.3636,0,0,0,0,2.1818,1,0.8182,0.5455,15,0,95,28.4545,3.88
0.8125,0,4.333333,9,0,1.5625,2,4.111111,8,100,6.6875,17,4,1,0,1,0,9,17,0.8182,4,2,0,0,0.1818,0.1818,0,0.2727,1,0.1818,0,0,0,0,1,2,1.0909,0.5455,14,0,79,31.8182,3.93
0.928571,0,2.384615,9,0,0,0,0.2,1,0,16.357143,45,4,1,0.392232,1,0.392232,10.5,15,0.5455,4,2,0,0,0.0909,0,0.1818,0.5455,2,0.4545,0,0,0,0.0909,1.0909,3,1.75,0,11,0.2727,67,16.3636,4.05
0.941176,0,2.1875,8,0,0,0,0.227273,2,0,10.529412,45,6,1,0.597908,0.471405,0.774597,9.2857,15,0.7778,3,2,0,0,0.1111,0,0,1,2,0.4444,0,0,0,0.2222,2,4,2.625,0,10,0.1111,54,24.3333,4.17
0.75,0,5.611111,10,0,0.05,1,0.807692,5,0,11.05,37,5,1,0,1,0,7.4,11,1.25,3,4,0.25,0.125,0.125,0,0.25,0.625,2,0.75,1,0.25,0,0.125,2.125,3,1.4286,0,12,0.125,55,23.75,3.92
0.764706,0,4.931034,8,0,0.058824,1,1.055556,2,0,5.941176,15,3,1,0,1,0,8,20,2.6667,8,2,0,0,0.1667,0.8333,1,1.1667,1,0.1667,2,0.6667,0,0,0.8333,1,0.6667,0,24,0,103,32.1667,2.64
0.923077,0,3.833333,8,0,0.192308,1,1.387097,3,100,8.692308,37,4,1,0.8044,1,0.8044,7.6364,12,2,4,3,0.1429,0,0.2857,0,0.7143,1.4286,2,0.5714,0,0,0,0.1429,1.7143,4,2.2857,0.1429,22,0,81,40.7143,2.73
0.681818,0,7.166667,12,0,0,0,1.869565,6,100,5.454545,15,3,0.666667,0,1,0,5.5,9,1.5,4,3,0,0,0,0.875,0.375,0.375,0,0,0,0,0,0,1.375,3,2.25,0.5,12,0,80,47.125,3.6
1,1,4.228571,10,0,0,0,0.342105,2,0,9.857143,37,6,1,0,0,0,14.9167,27,1.7778,5,2,0,0.1111,0.2222,0.2222,0.4444,1,1,0.2222,0,0,0,0.2222,1.4444,5,2.5,0,28,0.1111,113,37.7778,2.72
0.888889,0,4.208333,10,0,0.518519,1,0.896552,3,100,11.555556,45,4,1,0,1,0,7.2857,12,1.4444,5,4,0,0,0.1111,0.1111,0.2222,0.6667,1,0.2222,1,0.2222,0,0,1.4444,2,1.3333,0.4444,17,0,72,29.3333,3.61
0.73913,0,4.529412,8,0,0,0,1.875,8,0,7.913043,37,3,1,0,0,0,8.3333,13,2.5,7,2,0,0,0.5,0.1667,0.6667,1,0,0,0,0,0,0,2.5,3,0.8333,0,20,0,82,31.8333,3.6
0.967742,0,4.451613,10,0,0,0,1,4,0,10.580645,37,4,1,0,0,0,11.3636,24,3.2,5,3,0,0,0.4,0.6,0.8,1,1,0.4,0,0,0,0,1.8,5,2.2,0,24,0,77,53.6,2.41
0.913043,0,2.857143,8,0,0,0,0.678571,4,0,8.304348,37,4,1,0,1,0,11.125,24,1.375,4,3,0,0,0.25,0,0.25,0.75,3,0.5,0,0,0,0,2,0,1.2,0,13,0.375,69,25.25,3.83
1,1,4.5,8,0,0,0,0.538462,2,0,7.8,37,3,1,0,0,0,11.75,18,1.2,3,2,0,0,0.2,0,0.2,0.4,1,0.4,0,0,0,0,1,2,1.2,0,16,0,64,24.2,3.88
0.5,0,4.3,9,0,0,0,1,4,36.62,6.0625,29,4,1,0,0,0,6.7143,10,1.5714,4,3,0,0,0.2857,0,0.4286,0.7143,2,0.5714,0,0,0,0.2857,2,4,2.3333,0.1429,13,0.1429,54,27.1429,3.78
0.882353,0,4.4,8,0,0.058824,1,0.789474,4,0,8,18,4,1,0,1,0,8,13,1.5,3,2,0.1667,0.1667,0.3333,0,0.3333,0.8333,1,0.1667,1,0.1667,0,0.1667,2.1667,1,0.6667,0,10,0,46,20.6667,3.47
0.933333,0,4.551724,8,0,0.033333,1,3.3125,8,0,6.6,37,6,1,0,1,0,10,22,2.7143,5,3,0,0,0.2857,0,0.2857,1,1,0.2857,0,0,0.1429,0,1.5714,4,1.5714,0,27,0,72,38.2857,2.65
0.961538,0,5.84,12,0,0,0,0.285714,2,0,10.769231,37,4,1,0,0,0,7.7,14,2.3333,4,3,0,0,0.5,0,0.6667,1.1667,1,0.1667,0,0,0.1667,0,5.5,4,2.5,0,14,0,61,37.3333,3.6
0.8,0,6.083333,10,0,0.04,1,3.166667,8,0,7.08,37,4,1,0,0,0,6.125,12,3.1667,5,4,0.1667,0.1667,0.8333,0,0.6667,0.5,2,0.6667,1,0.1667,0.1667,0,3.3333,3,1.5,0,20,0,60,35.8333,3.21
0.666667,0,5.516129,10,0,0.051282,1,0.95,4,0,7.564103,37,3,1,0,1,0,10.6,23,2.5714,9,2,0,0,0.2857,0.7143,0.8571,0.8571,0,0,1,0.2857,0,0,2,1,0.6,0,22,0.2857,116,34.2857,2.6
0.818182,0,6.444444,9,3,0.363636,1,1.846154,5,100,7.363636,20,5,1,0.57735,1,0.57735,8.25,13,1,5,3,0,0.0714,0.0714,0,0.2143,0.5714,2,0.2857,1,0.0714,0,0.0714,1.1429,1,0.5,0.3571,18,0,48,19.2143,4.02
0.772727,0,3.722222,8,0,0.045455,1,1.2,3,0,12.181818,57,5,1,0,1,0,9.3333,22,2.1667,4,3,0,0,0.1667,0,0.3333,1,2,0.5,0,0,0,0,1.1667,2,1.1667,0,20,0,61,30.6667,3.36
0.928571,0,5.678571,12,0,0,0,0.9,3,0,10.214286,38,4,1,0,1,0,8,17,3,8,3,0,0,0.1667,0.5,1.3333,0.5,1,0.1667,0,0,0,0,2.3333,7,2.2,0,13,0.1667,67,33.3333,2.93
0.744681,0,5.444444,11,0,0.021277,1,0.941176,4,0,10.553191,40,5,1,0.301511,1,0.301511,9.0667,18,2.875,10,4,0,0.25,0.125,0.375,1.25,1.875,2,0.5,0,0,0,0.125,3.25,4,2.25,0,36,0,99,46,2.4
0.823529,0,5.214286,7,0,0.823529,2,3.5,11,100,5.529412,37,5,0.833333,0,1,0,9.6667,15,0.8333,3,3,0.0833,0.0833,0.1667,0,0.0833,0.4167,2,0.5,1,0.0833,0,0.1667,1.6667,3,1.5455,0.25,18,0.0833,59,23.5,3.69
0.804348,0,5.125,9,0,0,0,0.888889,4,0,8.195652,37,4,0.6,0,1,0,8.1538,28,2.6667,9,4,0,0,0.2222,0.8889,0.1111,0.7778,4,0.7778,0,0,0,0.1111,3.6667,3,1.625,0,43,0.1111,130,40.5556,2.86
0.846154,0,3.192308,8,0,0,0,1.137931,4,0,7.269231,18,5,1,0,1,0,9.8889,16,1.7143,5,2,0,0.2857,0,0.2857,0.1429,1,1,0.4286,0,0,0,0.1429,2.2857,4,2.1667,0,12,0.1429,74,34.7143,3.38
0.916667,0,3.909091,7,0,0,0,0.346154,2,0,10.333333,45,4,1,0.912871,1,0.912871,9.4,21,1.8571,4,3,0,0,0.4286,0.1429,0.4286,1,1,0.1429,0,0,0.1429,0,1.7143,3,1.6667,0,20,0.1429,69,29,3.81
0.794118,0,4.451613,8,0,1.029412,3,2.864865,9,100,9,45,5,1,0,1,0,8.6,21,1.5385,5,3,0,0,0.1538,0.1538,0.4615,0.6154,2,0.2308,2,0.1538,0,0.0769,1.4615,3,1.4615,0.5385,15,0,78,40,3.4
1,1,2.4,6,0,0,0,0.857143,3,0,15.2,37,3,0.666667,0,1,0,7.5714,11,2.1667,6,3,0,0,0,0,1.1667,1.1667,0,0,0,0,0,0,0.6667,3,0.8333,0,18,0,63,23.8333,3.49
0.9,0,5.324324,10,0,0,0,1.454545,8,0,8.075,37,4,1,0,0,0,10.5385,20,2.5,9,4,0.625,0,0.25,0,0.75,0.875,2,0.375,0,0,0,0,2.5,4,2,0,31,0,121,41.375,2.73
0.852941,0,4.83871,8,0,0,0,1.767442,4,0,8.205882,37,5,1,0,1,0,9,19,3.3333,7,3,0,0.1667,0.1667,0.1667,0.8333,1.3333,3,1.3333,0,0,0,0.1667,2.6667,3,1.5,0,32,0,124,58.8333,2.3
0.347826,0,6.315789,10,2,0.086957,1,2.633333,6,0,1.086957,9,4,0.8,0,0,0,5.25,10,1.75,9,6,0.0833,0.1667,0.25,0.25,0.25,0.4167,2,0.5,1,0.25,0.0833,0.0833,1.9167,8,2.7,0,11,0.1667,74,22.9167,3.35
0.846154,0,4.272727,9,0,0.615385,1,0.8,2,100,11.230769,37,4,1,0,1,0,14.5,22,0.25,1,1,0,0,0,0,0,0.4167,2,0.1667,0,0,0,0,0.5833,2,1.4167,0.5833,9,0,73,37,4.15
0.916667,0,3.863636,9,0,0.333333,1,1.357143,4,100,6.5,17,6,1,0,1,0,9,16,0.9286,3,5,0,0.0714,0.0714,0,0.2143,0.5714,2,0.3571,0,0,0,0.1429,1,3,1.5833,0.2857,21,0.1429,76,28.2143,3.93
0.761905,0,4,7,0,0.047619,1,0.75,4,0,9.047619,37,4,0.75,0,0,0,9.7143,16,1,3,2,0,0.125,0.25,0,0.25,0.625,1,0.25,1,0.125,0,0.125,1.5,4,1.75,0,11,0,60,23.875,4
0.763158,0,3.225806,8,0,0,0,1.804348,6,0,6.184211,57,7,0.857143,0.65938,1,0.65938,8.5333,22,2.5556,7,4,0,0,0.2222,0,0.6667,1.5556,3,0.8889,0,0,0.1111,0.2222,1.8889,4,2.1111,0,31,0,79,40.6667,2.77
0.904762,0,5,9,0,0.047619,1,0.857143,4,85.695,4.285714,11,3,1,0,0,0,7.7143,12,1.375,5,4,0,0,0.375,0,0.625,0,0,0,0,0,0,0,2.625,2,1.5,0.5,12,0,79,45.625,3.94
0.862069,0,3.8,8,0,1.413793,4,3.969697,13,100,9.62069,37,5,1,0.46291,1,0.46291,9.0769,15,1.1667,5,2,0,0.0833,0,0.25,0.3333,0.9167,3,0.3333,2,0.25,0,0.0833,1.3333,3,1.3636,0.3333,26,0.0833,82,32.3333,3.6
0.333333,0,5.944444,10,0,0.041667,1,1.675,8,0,2.541667,21,5,0.833333,0,1,0,5.375,11,1.1818,6,2,0,0.1818,0,0.3636,0,0.7273,9,1.4545,5,0.2727,0,0.0909,3.7273,3,1,0,16,0,86,24.3636,2.64
0.846154,0,4.636364,10,0,0.102564,1,2.326087,10,0,10.897436,45,6,1,0.930949,1,0.930949,7.9167,15,2.875,6,4,0.5,0,0.125,0,1.25,1.375,3,0.75,4,0.5,0,0.25,2.25,4,1.625,0,30,0,68,36.625,2.88
0.875,0,5.608696,10,0,0.041667,1,1.37037,3,0,6.875,37,6,1,0,1,0,8.6667,13,1.5714,3,3,0,0.1429,0.1429,0,0.2857,0.8571,1,0.4286,0,0,0,0.1429,1.2857,3,1.4286,0,22,0,60,31.2857,3.23
1,1,3.875,7,0,0,0,1.217391,4,0,13,37,5,0.714286,0,1,0,11.6,16,0.5,2,2,0,0,0.0833,0,0,0.4167,1,0.5,0,0,0,0,1.4167,4,2.25,0,16,0.3333,42,19.6667,4.29
0.882353,0,5.45098,9,0,0,0,1.116667,5,0,7.901961,37,7,1,0.912871,1,0.912871,8.9412,17,2.5,8,4,0,0.4,0.2,0.2,0.7,1.3,4,0.8,0,0,0,0.3,3.4,4,2.375,0,39,0.2,97,41.3,3.36
0.707317,0,2.969697,13,0,0.04878,1,1.942308,6,0,7.658537,22,6,1,0,1,0,9.2143,26,2.75,5,3,0,0.125,0.125,1.125,0.375,1.5,7,1.375,5,0.625,0,0.125,5.375,1,0.25,0,21,0,94,41.25,2.09
0.76,0,4.9,10,0,0.6,2,1.321429,4,100,6.48,37,4,1,0,1,0,10.625,20,1,5,3,0,0,0.25,0,0.0833,0.4167,1,0.25,0,0,0,0,1.4167,3,1.2727,0.4167,14,0.0833,71,26.8333,3.36
0.945946,0,4.25,9,0,0,0,2.96,10,0,8.108108,37,9,1,0.759485,0.589768,0.894427,9.875,19,1.8462,4,4,0.0769,0.0769,0.0769,0,0.4615,1.2308,5,1,0,0,0.1538,0.1538,2,7,3.8462,0,39,0,78,44.6154,2.36
0.5,0,4.142857,6,0,0,0,1.75,4,0,10.857143,37,4,1,0,1,0,3.6667,8,1.375,4,3,0,0.125,0.375,0,0.25,0.5,1,0.125,0,0,0,0.125,1.5,3,1.6667,0,5,0.25,33,13.125,4.07
1,1,5.181818,9,0,0,0,0.058824,1,0,11.515152,45,3,0.666667,0,0,0,13.5,21,2,4,2,0,0,0.2,0,0.8,0.8,0,0,0,0,0,0,2.2,2,1,0,24,0.2,86,37.2,3.19
0.869565,0,4.681818,9,0,0.173913,1,1.37037,4,100,10.391304,37,4,1,0,1,0,7.5385,20,1.1818,4,2,0,0,0.2727,0,0.1818,0.4545,2,0.3636,0,0,0,0,1.7273,2,1.1,0.4545,17,0.0909,50,25,3.81
0.833333,0,4.459459,9,0,0,0,1.957447,7,0,8.380952,37,6,1,0.333333,1,0.333333,9.3333,15,1.9,6,3,0,0,0.1,0.5,0.5,1.1,2,0.4,1,0.1,0,0,2.1,4,2,0,26,0.1,96,38.9,2.91
0.72,0,6.583333,12,0,0.04,1,2.214286,6,0,6.28,51,4,1,0,0,0,8.1818,22,3.6,6,4,0.2,0.2,0.8,0,0.8,1.2,2,0.6,1,0.2,0.2,0,2.2,4,2,0,20,0,69,41.8,3.01
0.710526,0,6.814815,10,0,0,0,1.690476,6,0,6.052632,17,8,1,0,0,0,7.3846,12,2.2308,7,6,0,0.4615,0.1538,0,0.7692,0.5385,1,0.2308,0,0,0,0.0769,2.0769,4,2.5455,0,33,0.1538,73,32.8462,2.96
0.8,0,4.604167,11,0,0.016667,1,1.608696,6,0,10.366667,45,7,1,0.802928,0.658281,0.908893,8.6,36,3.1111,6,4,0.3333,0.1111,0.1111,0.1111,1,1.8889,4,0.8889,1,0.1111,0.1111,0.2222,3.4444,5,2.6667,0,47,0,118,57.1111,2.13
0.875,0,3.695652,12,0,0.416667,1,2.382353,5,27.485,17.125,57,6,0.75,0.654965,0.485071,0.83666,6.6667,15,1,5,2,0,0,0.0625,0.0625,0.25,0.6875,4,0.625,0,0,0,0,1.1875,5,3.0625,0.125,19,0,67,30.5625,4.22
0.836364,0,4.979798,9,0,0.1,2,4.242424,12,100,8.881818,45,18,0.888889,0.471193,0.235702,0.916667,11.0417,25,1.9,6,7,0.4667,0.0333,0.1,0.0333,0.2333,1.2667,2,0.6667,1,0.0667,0,0.1,2.6667,5,2.4,0.1333,98,0,125,45,3.56
0.977654,0,3.942857,10,0,0.290503,2,2.985222,25,100,7.75419,21,24,0.333333,0,1,0,14.8621,22,2.7273,4,23,0,0,0.6364,0.0303,1.303,0.7273,2,0.7273,0,0,0,0,1.4545,2,1.6667,0.2424,168,0,73,53.8182,3.56
0.944444,0,5.171429,10,0,0.388889,3,3.815789,14,100,10.833333,45,10,1,0,1,0,17.7,27,0.4583,3,2,0,0,0,0.5,0,0.125,1,0.0833,0,0,0,0,0.5833,3,2.2273,0.4167,16,0.0833,60,24.0833,4.33
0.92,0,5.358696,11,0,0.5,2,2.962617,10,31.545,6.14,51,18,0.681818,0,1,0,16.4762,30,1.4815,4,7,0,0,0.0741,0.4444,0.6667,0.3704,2,0.2593,2,0,0,0,0.5185,5,2.9231,0.1481,74,0.037,78,42.037,4
0.647059,0,3.5625,10,0,0.058824,1,1.16,4,100,7.352941,20,7,0.875,0.716133,0.6742,0.8,4.5,7,0.3333,2,3,0,0.1111,0.1111,0,0,0.3333,3,0.4444,0,0,0,0.1111,1.0556,2,1.1875,0.2778,14,0.1111,50,15.3333,4.56
0.89011,0,5.650602,12,0,0.461538,3,4.548077,12,100,7.21978,37,19,0.9,0.511929,0.131306,0.909718,7.68,24,1.5278,6,7,0.3056,0,0.1667,0.1111,0.3611,0.7222,3,0.3611,1,0,0.0278,0.0278,1.7222,6,2.2941,0.1389,78,0.0556,77,31.9722,3
0.580952,0,4.486842,9,0,0.066667,1,3,13,0,7,45,21,0.833333,0.430186,0.129099,0.768706,7.2258,18,1.9394,7,13,0,0,0.2121,0.1212,0.697,1.1515,1,0.303,1,0.0303,0.0303,0.1818,1.2727,5,3.0625,0,58,0.0303,62,31.8182,3.11
0.762712,0,6.018519,10,0,0.542373,4,3.617647,12,100,5.457627,37,16,0.941176,0.887976,0.834058,0.970143,10.6429,24,1.0312,5,5,0.0938,0.0938,0.1562,0.1875,0.125,0.375,2,0.2812,3,0.125,0.0312,0.0625,1.6875,6,2.9355,0.3438,56,0.0312,79,36.5,3.78
0.788235,0,5.152778,10,0,0.023529,1,1.71134,7,0,9,45,16,0.823529,0.436569,0.196116,1,8.8571,20,1.84,5,7,0.16,0.2,0.32,0,0.52,1.04,2,0.48,1,0.08,0,0.2,2.04,4,1.9167,0,68,0.04,74,30.32,3.22
0.836735,0,4.804348,10,0,0.142857,1,1.811321,7,26.47,11.469388,45,8,1,0.868701,0.807573,0.932505,11.6842,29,1.7857,5,5,0,0.0714,0.0714,0.0714,0.7143,1.1429,2,0.2857,0,0,0,0.1429,1.0714,4,2.7857,0.2143,35,0,76,41.4286,4
0.898551,0,4.603175,10,0,0.057971,1,2.695122,9,0,10.637681,57,13,0.928571,0.335612,0.166667,0.420084,9.2917,20,1.6316,5,3,0,0,0.1579,0.3684,0.2632,1.1579,2,0.6842,2,0,0,0,1.8421,4,2.3684,0,62,0,148,38.7895,3.33
0.890511,0,4.314961,9,0,0,0,3.34,12,0,11.021898,45,17,0.941176,0.530293,0.265165,0.887625,10.8276,29,2.5909,5,5,0.6364,0.0455,0.2273,0.0909,0.7727,1.2727,2,0.5909,0,0,0.0455,0.0455,2.9545,7,4,0,124,0,148,63.6364,3.56
0.883721,0,4.614035,9,0,0.062016,1,4,12,0,8.170543,37,19,0.85,0.591033,0.27735,0.974022,10.2857,29,2.0714,6,11,0.5714,0.1786,0.25,0,0.4643,1.1429,3,0.7143,2,0.2143,0.0714,0.1786,2.9286,10,4.8214,0,126,0,125,55.9643,3.56
0.655172,0,5.409091,10,0,0.025862,1,3.489051,11,0,4.456897,36,21,0.904762,0.462219,0.09759,1,10.5,26,1.7436,5,11,0.1795,0.0513,0.1795,0.1282,0.4359,1,2,0.5385,1,0.0769,0.0256,0.2308,1.8462,8,4.9118,0,89,0.1282,121,39.4103,2.67
0.888889,0,5.171875,7,0,0,0,20.105263,50,0,8.583333,45,15,0.933333,0,1,0,11.3636,20,3.0625,5,14,0,0,0.0625,0,0.9375,1,2,0.25,0,0,0,0,2.1875,2,1.8125,0,29,0,62,38,4.44
0.898551,0,4.355556,8,0,0.710145,3,8.35,23,0,6.42029,37,9,0.409091,0,1,0,10.4444,20,1.85,6,15,0,0,0.15,0.4,0.375,1.3,2,0.05,1,0.275,0,0,2.05,2,1.8788,0.25,138,0.175,119,56.65,3.67
0.769231,0,4.335294,9,0,0.004525,1,1.016393,11,100,7.701357,17,21,0.681818,0,1,0,11.3636,19,2.6071,4,21,0,0,0,1.3929,0.5357,1.6071,1,0.8214,2,0,0,0,5.1429,2,1.7778,0.1071,160,0.0357,116,73.3929,4
0.935484,0,5.137931,10,0,0.032258,1,0.030303,1,100,8.516129,17,8,1,0,1,0,26,36,0.6154,1,1,0,0,0,0,0,0.7692,1,0.1538,1,0,0,0,0.1538,2,1.5385,0.2308,36,0,47,28.1538,4
0.818792,0,6.24,10,0,0.033557,1,9.185897,34,100,8,45,21,0.761905,0,1,0,9.4667,20,2.3214,5,17,0,0,0,0.8929,0.75,0.9286,1,0.1429,1,0,0,0,2.5357,2,1.7778,0.1071,102,0.0357,115,48.4643,3.89
0.738636,0,4.753846,11,0,0.125,1,1.947917,11,100,5.568182,29,7,0.714286,0,1,0,13.1429,19,1.9231,4,6,0,0,0,0.9231,0.4615,1.1538,1,0.6154,1,0,0,0,3.3846,2,1.5,0.2308,51,0.0769,127,63.7692,4
0.76,0,4.070175,8,0,0.2,1,1.978723,8,100,6.893333,38,9,0.636364,0.506972,0.284747,0.929981,12.25,21,1.0909,6,6,0,0,0.0455,0.3636,0.2727,0.7727,2,0.8182,1,0.2273,0,0,2.1818,5,4.0909,0.2727,68,0,142,52.9091,4.56
0.607477,0,6.063291,12,0,0.065421,1,3.909091,14,0,4.925234,37,9,0.888889,0,1,0,15.2,59,0.8333,5,2,0.1667,0,0.1667,0.25,0.1667,0.5833,2,0.25,2,0.1667,0,0,1.4167,6,2.6364,0,50,0.0833,135,61.5833,3.22
0.663043,0,5.109589,14,0,0.032609,1,3.480769,10,0,4.804348,37,9,1,0,1,0,11.9,42,1.4545,6,3,0.3636,0,0.4545,0.2727,0.0909,0.4545,2,1.0909,1,0.1818,0,0,3.4545,4,1.8,0,45,0.0909,161,60.7273,3.67
0.817308,0,6.876404,9,0,0.019231,1,10.183486,32,100,8.413462,30,17,1,0,1,0,7,18,2.1304,3,16,0,0,0,0.6957,0.6957,0.8261,1,0.087,1,0,0,0,2.1739,2,1.7273,0.1304,75,0.0435,65,42.3043,4.22
0.865591,0,5.10303,9,0,0.005376,1,30.579787,84,0,4.645161,20,17,0.26087,0,1,0,11.6,25,3.0667,8,21,0.4667,0,0.4667,0.9333,0.7,0.5333,2,0.0667,0,0,0,0,3.9,2,1.8333,0,137,0.2,120,57.3,3.22
0.95614,0,5.734513,9,0,3.701754,8,11.234375,28,33.93,9.552632,37,11,0.6,0.495408,0.182574,1,10,38,1.3684,6,8,0,0.1053,0.1053,0.0526,0.4737,0.7895,2,0.3684,0,0,0.0526,0.1579,1.7105,4,2.9118,0.1579,93,0.1053,118,45.4737,3.78
0.810651,0,6.028986,11,0,0,0,0.627778,6,0,6.236686,45,23,0.913043,0.287597,0.111111,0.468521,14.075,30,2.3824,10,7,0,0.0882,0.2059,0.1765,0.9706,0.7353,2,0.3235,1,0,0,0.0882,2.1176,5,2.5667,0,148,0.1176,175,50.4118,2.33
0.808511,0,4.525641,9,0,0.159574,2,1.95283,10,26.47,6.159574,37,11,0.909091,0.608114,0.428571,0.774597,11.1053,23,1.8095,12,6,0.0476,0,0,0.0476,0.8571,0.8571,3,0.5714,0,0,0,0.1429,2.0952,7,3.1053,0.1429,62,0.0952,179,50.7143,3.67
0.990654,0,4.301887,8,0,0,0,1.086207,12,34.59,11.168224,45,11,0.538462,0.811593,0.6742,0.953463,14.4286,26,1.76,6,12,0,0.04,0.12,0.08,0.68,1.16,3,0.36,0,0,0,0.24,2.08,9,3.68,0.04,73,0,117,47.6,3.44
0.92,0,5.235714,10,0,0.186667,3,4.018405,14,16.32,7.486667,37,17,0.944444,0.302313,0,0.474342,9.8286,25,2.5862,7,8,0.0345,0.0345,0.3103,0.3793,0.6897,1.069,3,0.4483,0,0,0.0345,0.1034,2.4828,3,2.069,0.2069,107,0,136,61.1724,3.22
0.826087,0,3.315789,8,0,1.608696,4,4.263158,16,100,7.304348,37,6,1,0.488475,0.133631,0.714286,13.6154,29,1.0476,7,5,0.0952,0.0476,0,0.0476,0.2381,0.619,3,0.5238,0,0,0,0.1429,1.8571,3,1.5714,0.4762,39,0,124,43.7143,4.33
0.829268,0,5.382353,10,0,0.097561,1,1.041237,6,100,9.97561,45,16,0.941176,0.41106,0.141421,0.894427,12.3846,25,1.5862,8,6,0,0,0.069,0.2759,0.3103,0.7241,2,0.4828,0,0,0,0.069,1.8966,4,2.4231,0.1034,67,0.1034,119,36.2414,4
0.822485,0,3.937931,10,0,0.130178,1,3.744681,14,100,6.668639,37,28,0.8,0.488195,0.131306,0.986013,10.6875,24,2.0714,7,7,0.1429,0.2857,0.3095,0.119,0.5714,0.881,2,0.4286,1,0.1905,0.0238,0.119,2.6667,6,3.7805,0.0714,117,0.0238,131,48.619,2.56
0.767677,0,4.973684,10,0,0.161616,2,4.571429,9,34.59,4.818182,37,11,0.916667,0,1,0,10.0769,27,2,5,9,0,0,0.125,0.5625,0.75,0.9375,3,0.375,2,0.0625,0,0,1.9375,2,1.7143,0,73,0.125,100,57.75,4.22
1,1,4,10,0,0,0,4.5375,13,0,10.569444,37,8,0.875,0.402369,0.353553,0.5,8.6154,16,3.3333,13,11,0,0.6667,0,0,1.1667,2.4167,2,0.6667,0,0,0,0.1667,5.0833,3,2.0909,0,58,0.0833,204,55,2.22
0.8,0,4.888889,9,0,0,0,2.612245,8,0,9.835294,37,14,1,0.641192,0.385337,0.879049,7.7222,16,1.619,7,4,0.381,0.0952,0.0952,0.0476,0.4286,0.9524,3,0.619,0,0,0,0.0476,2.2857,7,3.7143,0,61,0,136,41.6667,3.78
0.989247,0,4.423913,10,0,0.301075,2,1.754717,14,100,9.311828,36,12,0.416667,0,1,0,14.2105,23,2.1429,4,12,0,0,0,0.4762,1,0.619,3,0.619,0,0,0,0,0.7619,2,1.5,0.3333,91,0.0476,76,44.4286,4.22
0.666667,0,1.8,8,0,0.533333,3,1.62963,5,100,6.266667,15,7,0.777778,0.638889,0.5,1,6.5,9,0.4,2,4,0,0.05,0,0,0.05,0.5,2,0.6,0,0,0,0.15,0.9,3,1.6,0.35,19,0,68,22.6,4.78
0.625,0,3.909091,8,0,0.175,2,2.066667,8,100,8.7875,37,17,0.652174,0.631083,0.272166,1,7.0588,15,1.15,6,5,0.05,0.125,0.225,0.05,0.15,0.825,2,0.625,2,0.05,0.05,0.175,1.75,6,2.5,0.175,47,0,64,28.575,4.22
0.846939,0,4.349398,8,0,1.214286,5,5.211864,13,100,9.367347,38,23,0.958333,0.461671,0.117851,0.816497,9,22,1.5,6,5,0.0952,0.1429,0.4286,0.1429,0.2143,0.5238,2,0.4762,1,0.0952,0.0476,0.0952,2.0952,6,2.7317,0.2381,77,0.0238,79,38.881,4.11
0.6875,0,2.227273,4,0,1,6,5.377358,19,100,7.03125,15,11,0.6875,0.767181,0.46291,1,5.1111,8,0.6765,4,5,0,0.1176,0.0294,0,0.2647,0.5,2,0.6176,0,0,0,0.1765,1.0882,3,1.7941,0.3235,28,0,76,27.7059,4.67
1,1,3.923077,9,0,0,0,6.274194,15,0,5.680473,37,14,0.347826,0.780588,0.632456,1,16.9565,26,1.9706,5,13,0,0.2059,0,0.1765,0.4118,1.2647,2,0.5,0,0,0,0.2941,1.9706,7,3.6176,0,164,0,80,50.0588,2.89
0.716981,0,6.142857,12,0,0.735849,3,5.777778,22,100,5.471698,37,13,1,0.68561,0.522233,0.886405,7.25,15,1.1282,6,5,0.0256,0.0256,0.1538,0.0256,0.2564,0.5385,2,0.2564,1,0.0256,0.0513,0.0513,0.9744,5,2.2059,0.4103,38,0.1282,77,32.1026,4
0.981481,0,6.518868,9,0,0.25,1,10.112903,30,100,5.435185,37,15,0.333333,0.935414,1,0.935414,11.5882,17,3.05,5,14,0,0.05,0.05,0,1.1,1.35,2,0.8,0,0,0,0.05,1.15,3,2.3,0.15,97,0,78,49.85,4.33
0.733945,0,4.41573,10,0,0.036697,1,2.495868,8,36.62,6.981651,37,18,0.833333,0.45131,0.176777,0.802773,7.9394,24,2,8,4,0.0345,0.069,0.4828,0,0.4483,0.8966,2,0.4138,1,0.1379,0.069,0.069,2.1034,5,2.4074,0.0345,78,0.069,67,31.6897,3.33
0.824324,0,4.333333,8,0,0.148649,2,2.04878,9,32.56,9.824324,37,16,0.882353,0.678647,0.52915,0.894427,12.3,22,1.5652,5,9,0,0.0435,0.0435,0.2609,0.4783,1,2,0.3478,0,0,0,0.1304,1.4783,6,3.6957,0.087,84,0,76,39.8261,3.67
0.901235,0,5.025641,9,0,0.098765,2,2.557895,14,100,11.481481,37,18,0.818182,0.515291,0.136083,0.971825,6.619,14,1.2222,4,7,0.0833,0.1111,0.3333,0.0278,0.1389,0.7222,2,0.3889,0,0,0.0278,0.1667,1.9167,7,4.0286,0.0833,61,0.0278,61,33.3333,4.11
0.827957,0,4.8875,10,0,0.010753,1,1.280374,5,0,6.731183,45,19,1,0.366892,0.107211,0.774597,10.2414,23,1.8,5,5,0,0.08,0.12,0.28,0.52,0.84,2,0.56,1,0.04,0,0.12,1.64,7,3,0,62,0,78,38.88,2.78
0.8,0,4.83908,10,0,0.063158,1,2.439252,11,34.59,7.736842,37,21,1,0.544161,0.141421,1,11.5,33,1.4194,5,5,0.0645,0.129,0.4194,0,0.1613,0.9032,2,0.3871,1,0.129,0.0645,0.129,1.871,9,4.8621,0.0323,69,0.0645,76,40.129,3.11
0.871287,0,4.55102,10,0,0.762376,4,3.654545,13,56.26,13.267327,51,13,0.625,0.704214,0.544331,0.942809,9.6667,18,1.7419,5,10,0.0323,0.129,0.0968,0.0645,0.6452,0.9355,3,0.2903,1,0.0323,0.0323,0.0968,1.1613,7,3.4516,0.3548,67,0,80,46.4839,3.44
0.9,0,4.40625,10,0,0.157143,1,2.113924,6,100,7.414286,37,6,1,0.790985,0.707107,0.942809,11.7143,23,3,15,3,0,0,0,0.4167,0.0833,1.25,3,0.6667,0,0,0.25,0,2.5833,4,2.5833,0.1667,50,0,193,65.25,4
0.888889,0,4.76,8,0,0.666667,2,1.878788,6,100,5.703704,16,6,0.857143,0.632456,1,0.632456,14.5455,45,0.7692,3,2,0,0,0,0,0.1538,0.6154,3,0.3846,0,0,0,0,0.8462,4,1.7692,0.3077,29,0,97,35.0769,4.22
0.935185,0,4.897196,12,0,0.037037,1,5.446154,15,100,11.388889,52,20,0.952381,0.550069,0.301511,0.816497,8.5926,22,2.8462,7,10,0.0385,0.0769,0.3846,0.0769,0.5,1.3077,3,0.8462,1,0.0385,0.0385,0.1923,3,5,2.7308,0.0385,107,0,91,46.6538,4.11
0.969697,0,4.75,13,0,0.030303,1,0.405405,4,31.545,6.424242,37,9,1,0,1,0,15.3846,27,1.0714,6,2,0,0,0,0.5,0.0714,0.2857,2,0.2857,0,0,0,0,0.5714,4,2.8462,0.0714,26,0.0714,101,34.5714,4.22
0.717241,0,3.491071,10,0,0.993103,5,6.883117,22,63.365,6.924138,37,13,0.416667,0.794376,0.691564,1,10,27,2.3429,6,14,0.1143,0.0571,0.3714,0.4,0.4571,1.2,2,0.2571,2,0.4857,0.0571,0,3.3429,3,2,0.1714,131,0.0571,125,46.1429,3.33
0.89313,0,4.632479,10,0,1.045802,6,3.758865,12,93.815,8.778626,45,12,0.6875,0,1,0,14.7308,52,2.3846,6,10,0,0,0.1923,0.4231,0.9231,1.0769,2,0.3846,1,0,0,0,1.8846,2,1.625,0.2692,138,0.0769,109,60.8846,3.56
0.61244,0,4.878788,10,0,0.105263,1,7.382609,38,0,5.732057,37,25,0.758621,0.578988,0.377964,0.968904,8.6774,24,2.9487,8,18,0.2564,0.0513,0.2308,0.3333,1.1538,1.1795,3,0.5385,3,0.5385,0.0256,0.0256,3.6667,4,2.7812,0,406,0.1795,122,58.359,3.56
0.914634,0,2.88,8,0,0,0,5.10582,17,0,8.323171,21,2,0.166667,0,1,0,17.2222,49,5.3077,6,12,0,0,0,3,0.8462,3.5385,3,1.9231,0,0,0,0,11.5385,2,1.7692,0,161,0,127,114.5385,3.78
0.891892,0,4,10,0,0,0,4.461538,12,0,5.351351,15,8,1,0,1,0,4.5714,7,2.1667,7,6,0,0.5,0.0833,0,0.5833,0.9167,3,1.25,0,0,0,0.4167,3.8333,2,1.6667,0,35,0.25,101,34.0833,3.89
0.798165,0,3.815534,12,0,0,0,5.201613,14,0,10.009174,45,16,0.625,0.653284,0.362738,1,6.8462,21,1.7,6,11,0,0.125,0.1,0.05,0.625,1.075,2,0.375,0,0,0,0.225,1.35,6,3.6571,0,67,0.125,79,31.25,3.89
0.913043,0,3.68254,7,0,0.637681,2,3.089744,8,66.41,12.347826,45,8,0.875,0.475573,0.121268,0.879049,9.875,18,1.8095,12,8,0,0.0952,0.1905,0.1429,0.5238,0.9048,3,0.4286,0,0,0.0952,0,1.619,3,1.9048,0.4286,48,0,142,45.2857,3.33
0.945946,0,4.428571,9,0,0,0,3.905882,18,0,7.918919,37,12,0.846154,0,1,0,13.5455,19,2.0714,3,18,0,0,0,0,1.9286,1.6429,2,0.7857,0,0,0,0,0.3571,4,3.3571,0,54,0,80,53.5714,4
0.914286,0,3.96875,9,0,0.042857,1,2.8375,14,100,8.814286,37,12,1,0.650444,1,0.650444,10.9091,23,1.9333,4,14,0,0.0667,0.0667,0,1.4,1.5333,1,0.6667,0,0,0,0.0667,0.8,5,2.8,0.0667,44,0,88,48.3333,3.89
0.875,0,4.857143,11,0,0.083333,1,1,4,100,7.208333,37,4,1,0.866025,1,0.866025,14.75,31,1,5,3,0,0.1,0,0.1,0.2,0.7,1,0.3,0,0,0,0.1,1,3,2,0.2,23,0.2,88,32.3,4.56
0.963964,0,4.242991,9,0,1.576577,6,3.12605,8,100,10.288288,45,16,0.9375,0.668025,0.492366,0.797724,12.2,21,1.4324,9,6,0,0.027,0.1081,0.0811,0.5135,0.7027,2,0.1892,0,0,0.027,0.0541,1.0811,6,2.7576,0.2703,121,0.1081,146,48.1892,3.44
0.888889,0,5.875,9,0,1.296296,3,2.83871,9,95.845,10.962963,37,7,0.857143,0,1,0,13.7778,32,0.9375,4,6,0,0,0,0.25,0.3125,0.5,2,0.25,0,0,0,0,0.4375,5,2.9375,0.4375,33,0,104,38.0625,4.67
0.553425,0,3.650206,10,0,0.778082,3,11.327177,33,100,6.10411,45,29,0.6,0.46291,1,0.46291,8.9714,27,3.0238,10,28,0,0.0714,0.1667,0.0714,1.3333,1.9048,6,0.2857,1,0.119,0,0.0238,2.3333,3,1.9474,0.0476,194,0.0952,276,61.381,2.89
0.692308,0,3.368421,14,0,0.013986,1,2.371795,12,0,8.090909,45,24,0.958333,0.385584,0.149071,0.57735,8.7727,26,2.5172,6,12,0.1724,0,0.2069,0.1724,0.7931,1.2414,3,0.4483,1,0.0345,0,0.0345,2.2414,6,2.7241,0,89,0,204,44.0345,3
0.92,0,3.98,10,0,0,0,1.265625,6,0,6.94,21,7,0.857143,0,1,0,6.6667,11,2.0909,7,5,0,0.4545,0.0909,0,0.5455,0.9091,3,1.2727,0,0,0,0.3636,3.8182,2,1.625,0,35,0.2727,115,37.8182,3.22
0.715084,0,4.662252,9,0,0.351955,2,7.316327,26,0,5.893855,45,23,0.793103,0.54407,0.306186,1,8.8919,19,1.878,5,16,0,0,0.1951,0.1463,0.7073,0.9756,3,0.3659,1,0.0244,0.0244,0.0488,1.5122,5,2.1667,0.0488,121,0.122,208,40.5122,3.56
0.745946,0,3.444444,8,0,0.589189,2,5.953125,15,83.665,8.664865,45,23,0.709677,0,1,0,8.2581,18,2.1579,7,15,0,0,0.2632,0.1842,0.6842,0.9474,3,0.1842,2,0.0526,0,0,1.2632,2,1.8529,0.0526,89,0.1053,178,39.1842,3.22
0.875,0,3.695652,12,0,0.416667,1,2.382353,5,27.485,17.125,57,6,0.75,0.654965,0.485071,0.83666,6.6667,15,0.9412,5,2,0,0,0.0588,0.0588,0.2353,0.6471,4,0.5882,0,0,0,0,1.1176,5,2.8824,0.1176,19,0,67,28.7647,4.56
0.628019,0,2.666667,10,0,1.705314,8,12.406375,45,53.215,4.289855,37,25,1,0.606754,0.453743,0.797724,5.4667,9,4.375,11,37,0.0312,0.7188,0.0625,0.0312,2.8125,2.125,3,1.375,4,0.1562,0.0312,0.125,6.2188,4,2.1,0.0625,119,0.0625,236,68.625,1.89
0.792208,0,3.535211,9,0,0.480519,4,3.614458,10,50.17,6.974026,37,16,0.888889,0.636209,1,0.636209,10.16,72,1.0256,5,9,0,0,0.0769,0,0.2564,0.5385,3,0.1538,0,0,0,0,0.9231,3,1.9677,0.2308,69,0.2051,128,33.9487,3.89
0.650943,0,6.397849,12,0,0.066038,1,22.247863,60,0,4.226415,37,17,0.586207,0,1,0,7.1667,16,2.3143,4,12,0,0,0.2857,0,0.5143,0.8286,2,0.2857,2,0,0,0,2.3143,2,1.7429,0,58,0,51,29,4.44
0.861702,0,3.833333,10,0,0.031915,1,5.131313,17,0,9,45,15,0.652174,0,1,0,8.1538,16,2.1154,5,15,0,0,0.2308,0.1154,0.7692,1.1154,2,0.1923,1,0.0385,0,0,1.5769,2,1.75,0,85,0.0769,91,33.1154,4.44
0.719512,0,3.763514,14,0,0.554878,4,5.461538,16,69.455,6.060976,38,17,0.666667,0,1,0,10.3684,35,1.5,4,14,0,0,0.1667,0.25,0.3889,0.7222,2,0.1389,1,0.1111,0,0,1.6389,2,1.8485,0.2222,101,0.0833,151,52.2222,3.78
0.679012,0,5.235849,13,0,0.588477,8,9.503876,28,96.86,5.390947,38,13,0.3125,0,1,0,16.1429,57,1.0357,2,13,0,0,0.0357,0,0.4643,1.0357,2,0.5357,1,0,0,0,1.6429,2,1.6957,0.1786,128,0.1786,128,66,4.33
0.790698,0,3.980892,10,0,0.093023,3,3.555556,13,100,9.034884,45,22,0.916667,0,1,0,9.9667,23,1.8889,6,13,0,0,0.1389,0.1389,0.75,1,2,0.2222,1,0.0278,0,0,1.6944,2,1.8214,0.0833,126,0.2222,121,41.5833,3.67
0.666667,0,4.333333,12,0,0.041667,1,2.615385,7,34.59,5.5,37,7,1,0.85485,1,0.85485,8.4545,24,1,3,3,0,0,0.0833,0,0.25,0.8333,2,0.3333,1,0,0,0,1.25,3,1.9167,0.0833,28,0,142,33.8333,4.33
0.776224,0,4.736842,12,0,0.034965,1,6.557047,20,100,7.335664,45,26,0.764706,0,1,0,9.4545,59,2.2368,5,19,0,0,0.2105,0.0526,0.7632,1.1053,2,0.1579,1,0.0526,0,0,1.6579,2,1.8333,0.0263,89,0.0526,114,33.2105,3.78
0.720317,0,4.72561,12,0,0.036939,1,15.153247,38,0,6.269129,45,26,0.636364,0,1,0,8.9259,21,3.1765,6,23,0,0,0.6176,0.1471,1.3529,1.6765,2,0.1765,1,0.0882,0,0,1.9706,2,1.8529,0,228,0,180,77.4412,3.44
0.837662,0,5.164384,10,0,1.603896,6,3.88024,20,96.86,6.909091,37,23,0.88,0.401582,0.226455,0.570088,13.3611,26,1.7619,11,9,0.0952,0.0238,0.0952,0.4524,0.3333,0.7381,2,0.3095,0,0,0,0.0714,1.7381,4,2.2143,0.2619,153,0,126,47.4524,2.89
0.592179,0,4.717391,10,0,2.284916,8,11.663043,29,77.575,4.759777,45,8,0.6,0,1,0,8.25,15,0.6875,3,9,0,0,0,0,0,0.6875,3,0.3125,1,0,0,0,1.5,2,1.3125,0.3125,89,0,179,100.0625,3.89
0.730769,0,3.612903,8,0,1.166667,3,12.765432,30,100,7.730769,24,8,0.555556,0,1,0,13.25,35,0.7692,3,8,0,0,0,0,0,0.7692,3,0.2308,0,0,0,0,1.6923,2,1.7692,0.2308,71,0,74,52.6923,4
0.705882,0,4.09375,11,0,0.176471,2,3.43609,8,100,5.848739,37,19,0.782609,0.593138,0.252646,0.881917,6.7826,14,1.3684,5,6,0,0.0789,0.1579,0.0526,0.3158,0.7368,3,0.3684,1,0,0.0526,0.0263,1.6842,8,3.6471,0.0789,74,0.1053,115,35.7895,3.22
0.84434,0,4.8,10,0,0.056604,1,5.743243,15,0,8.891509,37,9,0.352941,0,1,0,17.7692,53,2.8571,6,15,0,0,0.2381,0.9524,1.0476,1.381,2,0.4762,1,0.4762,0,0,3.2381,2,1.7778,0,164,0.1429,159,78.6667,3.67
0.597484,0,4.390476,10,0,0.647799,3,3.912088,18,100,5.81761,37,11,0.692308,0.39081,0.196116,1,16.4615,33,1.3077,12,13,0,0,0,0,0,1.5385,7,0.8077,2,0,0,0.1538,3.5769,3,2.1154,0.1923,106,0,310,69.2308,2.89
0.821053,0,4.413174,9,0,0.063158,1,2.768473,25,100,7.194737,45,23,0.73913,0.782389,0.687552,0.861892,12.92,31,1.7027,5,8,0,0.027,0.2703,0.3784,0.2703,0.7838,3,0.3514,1,0.1892,0.027,0.027,2.5405,6,3.2,0.027,130,0.1892,106,44.6486,3.67
0.832258,0,4.576923,10,0,0.264516,3,3.913043,13,100,8.154839,45,15,0.666667,0,1,0,11.52,80,2.0588,7,11,0,0,0.2059,0.3235,0.8824,1.1471,2,0.1765,1,0.2353,0,0,2.2941,2,1.8462,0.1176,126,0.2353,110,43.5588,4.22
0.7125,0,4.41791,12,0,0.175,1,3.597561,18,100,6.6875,45,9,1,0,1,0,9.2105,26,1.6,8,3,0,0,0.2,0.0667,0.4667,0.9333,2,0.1333,2,0.2,0,0,0.9333,2,1.5455,0.0667,52,0.2667,177,38.5333,4.56
0.781513,0,4.553191,12,0,0.159664,1,2.315789,10,97.875,8.756303,45,19,1,0.580236,0.313112,0.869918,11.9722,28,1.3514,11,8,0,0,0.1351,0.1351,0.4595,0.9189,3,0.3784,4,0.1081,0,0,1.4865,7,4.3529,0.1351,76,0.0811,216,46.5405,3.67
0.860465,0,4.351351,10,0,0.046512,1,2.164948,10,27.485,9.662791,45,16,1,0.584291,0.316228,0.881917,11.3,25,1.3667,7,8,0,0,0.1,0.0333,0.4333,1,3,0.3667,0,0,0,0,1.1333,7,4.4444,0.0667,68,0.1,201,42.4,3.22
0.863636,0,5.842105,10,0,0.045455,1,1.111111,4,100,8.090909,37,4,1,0.832749,0.755929,0.92582,12,25,1.3,6,3,0,0.1,0,0.1,0.3,1.2,2,0.5,0,0,0,0.1,2.3,4,2.5,0.1,23,0,112,33.4,3.89
0.867403,0,3.89441,10,0,0.071823,1,4.201031,20,31.545,8.834254,57,20,0.708333,0.429362,0.13484,0.667424,9.6579,26,2.9062,7,12,0,0,0.125,0.1875,0.8438,2.1562,3,0.375,1,0.3438,0,0,4.375,6,3.125,0.0312,148,0,115,56.0938,3.11
0.904494,0,3.572289,10,0,0.376404,3,3.650794,16,99.905,9.679775,57,22,0.869565,0.500738,0.169031,0.759555,10.4615,36,2.7742,7,10,0,0,0.0968,0.4194,0.9677,2.0645,3,0.3226,1,0.2903,0,0.0323,4.129,6,3.6129,0.0645,150,0,126,62.4839,2.78
0.856322,0,3.470968,10,0,0.057471,1,3.23913,14,0,9.241379,57,20,0.857143,0.488003,0.151911,0.759555,11.6129,65,2.5333,7,10,0,0,0.1,0.3,0.7667,2,3,0.3333,1,0.3,0,0.0333,3.7667,6,3.4286,0,139,0.0667,125,53.8,3
0.866667,0,3.475771,10,0,0.016667,1,4.611765,19,0,8.2875,57,28,0.857143,0.494663,0.253185,0.731925,11.0408,50,2.8611,7,10,0,0,0.1667,0.3611,0.8611,1.8333,3,0.3889,1,0.0833,0,0.0278,4.1389,6,3.5,0,175,0,175,60.1667,3.22
0.792453,0,4.569767,10,0,0.04717,1,2.258621,9,0,10.603774,45,12,0.923077,0.69524,0.57104,0.807573,11.375,25,2.2,8,7,0,0,0.1,0.1,0.95,1.85,3,0.5,1,0,0,0,1.4,7,4.15,0,83,0,246,59.9,3.67
0.622837,0,4.48954,12,0,0.038062,1,9.742475,33,100,4.716263,45,11,0.6875,0,1,0,8.6667,12,0.4545,1,9,0,0,0,0,0,0.5,4,0.4545,1,0,0,0,0.5,4,2.2727,0,165,0,367,80.8636,3.33
0.896296,0,3.991803,9,0,1.014815,6,2.308725,10,100,8.148148,45,17,0.941176,0.589813,0.35218,0.927362,19.6087,48,1,5,5,0,0,0.1081,0.0811,0.4054,0.6216,3,0.3784,0,0,0,0.0541,0.9189,5,2.5,0.3243,137,0.0811,136,55.0541,3.33
0.940299,0,2.793651,8,0,0.820896,2,1.328571,5,78.59,10.895522,37,10,0.642857,0.912871,1,0.912871,17.4286,36,0.84,4,2,0,0,0,0.32,0.32,0.64,2,0.12,0,0,0,0.04,0.32,5,2.8,0.28,57,0,105,39.52,3.89
0.88,0,4.408163,9,0,0.06,1,1.098361,7,100,7.28,45,11,1,0.774597,1,0.774597,11.3333,22,1.9286,8,5,0,0.0714,0.0714,0.5714,0.1429,0.5,2,0.7857,0,0,0,0.0714,2.5,3,2.3571,0.0714,35,0,101,42.3571,3.89
0.815385,0,6.032258,11,0,0.015385,1,1.614286,9,0,8.307692,37,9,0.777778,0.912871,1,0.912871,22.5,46,2.0909,5,9,0.0909,0.0909,0.1818,0.5455,0.1818,1.0909,3,0.4545,1,0.0909,0.0909,0,1.7273,5,3.4545,0,39,0,83,55.0909,3.89
0.869565,0,3.561905,9,0,0.486957,3,2.746154,12,64.38,8.278261,37,17,1,0.459649,0.21693,0.727607,11.4,26,1.6111,9,5,0.0556,0.0833,0.3056,0.2778,0.1944,0.6389,2,0.4167,2,0.0556,0.0278,0.1111,2.5,4,2.3636,0.25,98,0.0833,114,42.8889,3.56
0.939394,0,4.129032,11,0,0.568182,2,2.328947,11,35.96,9.424242,37,11,0.785714,0.664818,0.408248,1,14.9048,32,1.6562,8,10,0,0.0938,0,0.1562,0.5,1.25,2,0.625,0,0,0,0.2188,2.4688,3,2.4062,0.2812,116,0,150,57.3438,3.89
0.901288,0,5.333333,9,0,0.072961,1,6.612676,28,0,7.094421,37,24,0.392857,0.670797,0.201008,0.956522,14.75,23,2.4872,4,14,0.3333,0.1026,0.1282,0.0256,0.7179,1.3846,3,1.3077,1,0.2308,0,0.3846,3.9744,3,2.4615,0.0256,206,0,110,63.3077,3.33
0.8867,0,4.411111,10,0,0,0,2.890411,17,0,10.921182,51,33,1,0.556035,0.251976,0.887625,10.7241,23,2.525,7,11,0.075,0,0.2,0.15,0.95,1.225,3,0.4,1,0,0,0.1,2.45,7,3.375,0,149,0,96,48.25,3
0.828947,0,4.385714,10,0,0.894737,5,2.758621,9,88.74,8.736842,45,10,0.9,0.452912,0.132453,0.92582,12.9667,37,1.2286,10,4,0,0,0.0286,0,0.4286,0.7429,4,0.3143,0,0,0.0286,0.0286,1.1429,5,2.6176,0.3714,75,0.0286,137,47.2857,3.56
0.907216,0,3.681818,13,0,0.360825,2,1.218182,7,100,8.783505,38,12,0.846154,0.463941,0.306186,0.637377,17.9474,32,1.6522,7,6,0,0,0.0435,0.1739,0.6087,1.4783,2,0.5652,0,0,0,0.1739,1.8261,4,2.1667,0.0435,109,0.2174,129,47.5652,3
0.879518,0,5.520548,11,0,0.012048,1,3.06383,15,34.59,8.012048,38,12,0.923077,0.739364,0.57735,1,11.5882,41,2,8,5,0.0455,0.0455,0.0909,0.9091,0.4091,0.7727,2,0.5,1,0.0455,0,0.1818,3,4,2.7727,0.0909,56,0,107,42.5909,3.89
0.527273,0,4.206897,8,0,0.818182,2,14.71831,25,96.86,4.163636,12,3,0.272727,0,1,0,6.5,9,1.6316,3,11,0,0,0.4737,0,0,1.3158,4,0.8421,3,1.2632,0,0,4.9474,2,1.4737,0.3684,32,0,56,36.4737,4.11
0.580645,0,0.944444,6,0,0.225806,2,1.980769,5,100,10.193548,37,11,0.6875,0.767181,0.46291,1,4.5556,8,0.7333,4,5,0,0.1667,0.0333,0,0.2667,0.5333,2,0.7,0,0,0,0.2,1.3,3,1.8333,0.2333,26,0,65,23.1333,4.67
0.75,0,6,9,0,0.2,1,0.551724,4,0,8.4,45,5,0.833333,0.590253,0.392232,1,10.625,20,0.5,3,2,0,0,0,0.0625,0.0625,0.75,4,0.5625,2,0.0625,0,0.125,0.875,4,2.375,0,17,0,81,20.8125,3.33
0.905405,0,5.28169,10,0,0.162162,2,0.765432,4,100,6.148649,37,13,1,0.47652,0.182574,0.933257,9.7727,23,1.85,5,4,0,0.1,0.15,0.2,0.35,0.9,2,0.35,0,0,0,0.15,1.75,5,2.3158,0.15,70,0.05,76,38.25,3.56
0.551724,0,5.209877,10,0,0.258621,1,4.525641,14,0,5.982759,51,14,0.823529,0.415034,0.109109,1,9.6154,27,1.1053,9,5,0.0263,0.0526,0.1316,0.2632,0.1316,0.7105,4,1,4,0.0526,0,0.0263,2.4211,3,2.1579,0,85,0,126,30.5526,3.56
0.853503,0,5.086331,9,0,0.063694,1,2.778443,11,100,10.675159,45,22,0.791667,0,1,0,11.325,24,1.9143,5,11,0.0286,0,0.1429,0.0857,0.6857,0.9143,2,0.2857,2,0.2571,0,0,0.6571,2,1,0.0857,96,0.1714,68,30.0286,3.89
0.881579,0,3.493056,9,0,0,0,5.748503,24,0,9.513158,37,20,0.392857,0.596114,0.258199,1,9.6207,20,2.0714,5,23,0.0476,0,0.0714,0,0.6905,1.5952,2,0.3571,0,0,0,0.3095,1.0476,5,3.8333,0,142,0,65,36.7381,4.11
0.849057,0,4.521739,9,0,0.037736,1,2.316667,7,33.575,10.320755,37,10,0.909091,0.740098,0.626783,0.886405,7.5,18,2.1176,7,4,0,0.0588,0.2941,0,0.5882,1.1176,2,0.4118,0,0,0.0588,0.1176,1.8824,4,1.6471,0.1176,43,0,67,29.8235,3.89
0.691781,0,5.319672,10,0,0.40411,6,8.378049,35,100,6.671233,45,16,0.576923,0.615595,0.222222,1,7.4138,19,2.119,6,14,0.119,0.0952,0.4048,0.1429,0.4286,1.0714,2,0.4286,1,0.0714,0.0476,0.0952,2.0714,4,2.381,0.2143,97,0,73,39.9762,3.33
0.861386,0,4.536082,13,0,0.019802,1,1.513761,7,27.485,10.118812,45,17,0.764706,0.665912,0.447214,0.866025,10.0952,19,1.72,4,6,0,0.24,0.12,0,0.44,1.24,2,0.32,0,0,0,0.16,1.8,4,1.75,0.16,56,0.04,58,33.76,3.22
0.988506,0,4.402299,11,0,0,0,4.576087,16,0,17.551724,45,13,0.692308,0.889757,1,0.889757,11.1176,23,3.5,6,10,0,0,0.0625,0,1.5,1.8125,1,0.3125,0,0,0,0.0625,0.75,2,1.6667,0,78,0.0625,70,40.375,4.67
0.859649,0,4.566038,8,0,0.035088,1,1.867647,10,0,9.719298,57,11,1,0.439941,1,0.439941,9.0833,46,2.1429,6,3,0,0,0.1429,0.1429,0.5,1.0714,3,0.7857,1,0.0714,0,0,1.6429,4,2.1429,0,42,0,73,37.2143,3.22
0.861111,0,3.969388,9,0,0,0,3.59322,10,0,9.861111,45,16,1,0.487036,0.308607,0.707107,11.36,24,2.25,5,5,0.05,0.15,0.2,0.15,0.45,1.05,2,0.5,0,0,0,0.15,2.2,7,2.75,0,76,0,89,48.75,2.89
0.891566,0,3.756757,9,0,0.289157,3,1.4,8,99.905,6.277108,45,12,1,0.586302,1,0.586302,14.8696,30,1.56,9,8,0,0,0.08,0.36,0.28,0.6,2,0.28,0,0,0.04,0,1.4,3,1.68,0.44,77,0,171,51.92,3.11
0.892523,0,3.513089,10,0,0.004673,1,3.092166,15,31.545,8.551402,37,18,0.5,0,1,0,12.8276,27,2.4762,7,11,0,0,0.0476,0,1.0952,1.5714,3,0.0714,0,0,0,0,1.5476,2,1.8065,0.0238,157,0.2619,133,46.7381,2.78
0.8125,0,4.192308,10,0,0.015625,1,0.746269,6,0,7.4375,37,7,0.857143,0,1,0,12.5,22,2.4545,7,3,0,0,0.0909,0,1.1818,1.4545,3,0.2727,0,0,0,0,1.7273,2,1.5,0,39,0.2727,133,46.8182,3.33
0.791045,0,4.621212,10,0,0.029851,1,2.013158,6,34.59,6.761194,45,15,0.933333,0.32804,0,0.969223,8.7727,35,1.3462,3,6,0.0385,0,0.1154,0,0.3846,0.8846,2,0.3462,2,0,0,0,1.4615,4,2.8846,0.0385,39,0,70,31.0385,4.11
0.8,0,4.579208,10,0,0.091667,1,4.62449,11,100,5.895833,45,26,0.7,0.442716,0.201008,0.866025,12.0857,44,2.6389,6,10,0,0,0.2222,0.5,1,1.4444,2,0.1389,1,0.1667,0,0,2.7222,3,1.5143,0.0278,162,0.0278,109,56.5833,3.22
0.791667,0,4.546961,10,0,0.291667,3,4.797297,14,100,6,45,25,0.884615,0.418595,0.19518,0.820413,12,56,2.7097,7,10,0,0,0.1935,0.4516,1,1.4839,2,0.1935,1,0.129,0,0,2.8065,2,1.3548,0.0323,145,0,112,60.4194,3.33
0.868687,0,5.595506,10,0,0,0,1.872881,12,0,4.959596,37,15,0.882353,0.50179,0.157135,0.848528,14.75,33,1.75,10,3,0,0.0357,0.0714,0.1429,0.3571,0.6786,2,0.6071,0,0,0,0.0714,2.7857,4,2.2917,0,92,0.1429,152,40.5714,2.89
0.771429,0,3.757576,9,0,0.028571,1,1.552632,5,0,7.285714,45,9,1,0,1,0,10.6429,64,2,4,5,0,0,0.3,0,0.5,0.9,2,0.3,0,0,0,0,1.5,2,1.6,0,22,0,84,28.9,4.56
0.791045,0,4.492063,10,0,0.179104,4,3.87234,16,94.83,10.507463,45,22,0.846154,0,1,0,9.0541,57,2.2,8,11,0,0,0.2286,0.0857,0.8,1.1143,3,0.2,1,0,0,0,1.3714,3,1.9118,0.2,85,0.0286,125,49.8857,3.78
0.909722,0,4.206107,10,0,0.03125,1,3.757862,24,0,8.694444,37,29,0.625,0,1,0,10.5676,33,3.6757,7,24,0,0,0.2162,0.4054,1.8649,1.8108,3,0.8108,2,0.2162,0,0,3.7838,4,1.9412,0,203,0.0811,111,64.6486,2.67
0.681081,0,3.848276,10,0,0.194595,1,4.188776,20,100,6.281081,45,21,0.826087,0,1,0,8.6,19,2.5938,6,7,0.125,0,0.3125,0.2812,1.0312,1.1875,3,0.3438,2,0.1875,0,0,2.0625,3,1.8148,0.0938,122,0.1562,140,49.4688,3.67
0.744048,0,4.356061,9,0,0.125,2,3.120219,15,100,7.125,45,24,1,0.31891,0.094916,0.894427,9.5714,26,2.0588,6,6,0.0294,0.0294,0.2647,0.0588,0.6471,1.1176,3,0.4412,1,0,0.0294,0.0588,1.7353,5,2.8788,0.0294,87,0.0294,231,46.6765,3
0.71345,0,4.519084,11,0,0.076023,1,4.994565,16,30.53,5.520468,45,30,0.935484,0,1,0,8.9167,29,2.4211,6,12,0,0,0.5,0.3158,0.8421,0.9474,3,0.3421,2,0.1053,0,0,2.1053,3,1.9697,0.0263,102,0.1316,139,41.2105,3.78
0.898089,0,4.957447,9,0,0,0,2.046243,8,0,7.025478,45,16,0.6875,0,1,0,21.9355,30,2.8095,7,8,0,0,0.381,0.3333,0.8095,0.9524,2,0.7619,0,0,0,0,3.2381,2,1.8235,0,183,0.1905,139,67.6667,4.11
0.869841,0,4.258065,11,0,0.009524,1,7.859756,46,0,7.536508,45,32,0.705882,0.564327,0.333333,0.849837,14.2653,47,3.7,9,23,0.25,0,0.525,0.95,0.775,1.85,2,0.3,1,0.05,0,0.125,4.275,4,2.175,0,240,0,140,66.125,2.44
0.809524,0,3.941176,7,0,0.095238,1,1.689655,5,0,5.571429,15,8,0.888889,0.696998,0.645497,0.8,5.2,8,1.1667,3,5,0.25,0.1667,0.4167,0,0.1667,0.6667,2,0.6667,1,0.1667,0,0.1667,2.4167,3,1.9167,0,11,0,38,23,4.33
0.903226,0,3.385714,10,0,0.03871,1,1.537037,6,0,8.432258,37,20,0.9,0,1,0,12.2439,57,3.087,6,5,0,0,0.3043,0.4348,1.0435,1.2609,2,0.3043,1,0.2174,0,0,2.5217,4,2.1818,0,111,0.0435,139,54.0435,3.11
0.814815,0,4.454545,8,0,0,0,0.385965,2,0,7.166667,25,9,0.9,0,1,0,16.9286,55,1.6667,4,2,0,0,0.0833,0.5,0.0833,0.3333,1,0.25,0,0,0,0,1.25,4,2.75,0,33,0,135,42.5,3.33
0.806452,0,3.42,8,0,0,0,6.203125,18,0,9.403226,37,8,0.545455,0,1,0,9.7857,21,3.5833,7,9,0.4167,0,0,0.25,2,1.4167,2,0.1667,0,0,0,0,3.1667,9,2.3333,0,290,0,109,75.75,4.89
0.805556,0,3.932203,10,0,0.013889,1,1.367089,6,0,9.916667,45,12,1,0.329244,0.129099,0.707107,11.9,25,1.5263,6,3,0,0,0.2632,0.0526,0.4737,0.9474,2,0.3684,0,0,0,0,1.6842,5,2.1667,0,57,0.0526,118,38.4737,3.89
0.911894,0,4.024155,11,0,0,0,5.090909,36,0,12.876652,45,24,0.76,0.626835,0.489898,0.880705,17.2128,30,2.275,7,19,0,0.075,0,0.075,1.125,1.325,2,0.1,0,0,0,0.05,1.175,6,2.6364,0,169,0.175,120,46.175,2.78
0.942308,0,4.744898,9,0,0.336538,1,1.254386,6,100,10.086538,45,17,0.941176,0.573831,0.267261,0.939336,14.0952,40,1.1875,5,7,0,0.125,0.0312,0.125,0.4062,0.8125,2,0.3125,1,0.0312,0,0.1562,2.5625,7,2.6333,0.0625,117,0.0625,127,42.625,3.44
0.835821,0,4.839286,10,0,0,0,0,0,0,9.014925,37,9,1,0,1,0,20.1765,40,2.1818,5,5,0,0,0.0909,0.3636,0.6364,1.1818,2,0.3636,0,0,0,0,1,4,2.8182,0,73,0,152,63.0909,3
0.970588,0,5.191919,11,0,1.039216,18,8.268868,28,95.845,8.622549,37,27,0.655172,0.953555,0.930949,0.966092,12.3953,23,2.5,7,23,0,0,0.119,0.7381,0.2143,0.9048,2,0.1667,0,0,0.0238,0.0238,2.9048,4,3.1905,0.2381,186,0,102,61.5714,2.89
0.9,0,4.888889,9,0,0.1,1,0.6875,2,0,9.3,37,5,1,0.452294,0.408248,0.522233,7.1667,11,0.5455,2,2,0,0.0909,0,0,0.0909,0.7273,2,0.5455,0,0,0,0.0909,1.1818,3,1.8182,0,13,0,36,17.6364,4.78
0.867925,0,4.913043,11,0,1.679245,4,2.959459,9,65.395,6.339623,37,11,0.846154,0.601329,0.447214,0.816497,8.7333,18,0.9333,4,5,0,0.1333,0.1,0,0.5667,0.5667,4,0.6667,1,0.0667,0,0.1333,1.1667,4,2.375,0.2,59,0.2,102,33.6333,4.56
0.879195,0,4.099237,9,0,0.006711,1,2.866667,14,36.62,7.932886,37,24,0.958333,0.411311,0.150756,0.883883,11.8529,23,1.561,8,12,0.0732,0.0244,0.1463,0.0488,0.5366,0.8293,3,0.7317,0,0,0.0244,0.0488,1.5366,5,3.3947,0.0244,143,0.0732,199,42.2439,4.11
0.421875,0,6.333333,9,0,0.09375,1,7.926471,18,0,4.328125,40,14,0.722222,0,1,0,5.5,15,2.4091,6,18,0.5455,0,0.1818,0.5909,0.8182,0.2727,1,0.1818,1,0.2727,0,0,1.8182,5,3.3636,0,25,0,47,26.7727,4.33
0.763636,0,4.157303,10,0,0.236364,3,3.253968,12,100,10.272727,57,17,0.772727,0.531706,0.150756,1,9.9615,23,1.5789,5,9,0,0.1053,0.1579,0.0526,0.5789,1.2895,2,0.3947,0,0,0,0.1579,1.4474,8,4,0.1842,89,0,78,43.7368,3
0.861538,0,4.717949,10,0,0.092308,3,2.395973,12,100,10.838462,45,22,0.740741,0.543729,0.160128,0.959166,9.5714,23,1.619,5,7,0,0.1429,0.1429,0.0476,0.5238,1.2143,2,0.4524,0,0,0.0238,0.2143,1.5714,9,4.1463,0.119,108,0.0238,82,42.9048,2.89
0.982456,0,3.75,9,0,0,0,1.711864,5,0,15.789474,37,18,0.772727,0,1,0,17.7647,25,0.76,2,2,0,0,0.04,0.76,0,0.68,1,0.04,0,0,0,0,0.28,3,2.6667,0,50,0.04,40,26.92,3.22
1,1,3.556962,9,0,0,0,1.659091,8,0,14.78481,45,15,0.631579,0.77079,0.632456,1,11.9412,34,1.2857,5,5,0,0.0714,0.0714,0,0.5357,1.0714,2,0.3214,0,0,0,0.25,1,7,3.3704,0,63,0.0357,77,34.8214,2.56
0.883562,0,4.866667,11,0,0.10274,1,1.624204,12,100,7.753425,37,25,0.846154,0,1,0,15.6667,30,1.3947,4,6,0,0,0.0789,0.3158,0.2368,1,2,0.2895,0,0,0,0,0.6053,5,2.4667,0.0789,107,0.2105,79,35.8158,2.67
0.891892,0,4.424242,9,0,0.027027,1,1.9875,11,0,10.202703,40,7,1,0,1,0,13.7368,34,2.4,6,3,0,0,0.3,0.5,0.3,1.1,3,0.6,1,0.1,0,0,2.1,2,1.5,0,53,0.2,128,58.4,3.67
0.714286,0,3.84,8,0,0.057143,1,1.073171,4,0,7.771429,41,7,1,0.547723,1,0.547723,17.3,65,1,2,2,0.1,0,0,0,0.1,0.9,2,0.6,1,0.1,0,0,1.2,3,1.8,0,27,0,83,35.8,4.33
0.668605,0,3.182609,8,0,0.168605,1,2.690217,5,100,6.534884,37,20,0.681818,0.536606,0.154303,0.912871,14.2174,51,1.2759,5,3,0,0,0.2759,0.1034,0.1724,0.7241,3,0.4138,0,0,0.0345,0.069,1.5172,5,3.1724,0.0345,131,0,114,51.1724,3.56
0.916418,0,4.355049,10,0,0.002985,1,3.252226,30,0,7.749254,45,18,0.307692,0,1,0,10.8,26,4.6061,8,17,0,0,0.0909,0.6364,2.0606,1.6061,2,0.0606,0,0,0,0,3,2,1.8519,0,202,0.1818,122,69.1515,2.67
0.906542,0,4.536082,10,0,0.102804,1,4.383929,13,33.575,8.785047,37,16,1,0,1,0,10.2222,44,3.25,7,6,0,0.05,0.35,0.1,1.1,1.15,2,0.25,0,0,0,0,2.5,2,1.7778,0.05,93,0.1,101,48.8,2.89
0.857143,0,5.347826,9,0,0.673469,4,1.859375,6,100,8.571429,37,10,0.818182,0.470006,0.166667,0.858395,11,37,0.8571,5,4,0,0.0357,0.0357,0,0.25,0.6429,2,0.5357,0,0,0,0.1429,1.3929,6,2.4643,0.25,56,0,83,29.5714,4.22
0.852941,0,4.103448,9,0,0.029412,1,1.055556,4,0,9.941176,51,7,1,0,1,0,11.75,21,0.7273,2,2,0,0,0,0.0909,0.2727,0.6364,2,0.1818,1,0,0,0,0.4545,8,3.4545,0,24,0,103,33.8182,4.33
0.913333,0,3.036496,10,0,0.04,1,2.945122,12,0,13.233333,51,6,0.428571,0,1,0,8.087,19,4.4706,7,10,0,0,0.4118,0.9412,1.7059,1.7647,2,0.8235,3,0.2941,0,0,4.5294,2,1.7333,0,109,0.1176,90,61.2353,3.67
0.873096,0,3.110465,9,0,0.045685,1,2.043689,9,0,8.218274,45,16,0.761905,0,1,0,9.3514,20,3.1,9,11,0,0,0.2,0.5333,1.3,1.5333,2,0.3,4,0.2333,0,0,2.7333,4,2.0909,0,127,0.2667,148,45.4667,2.78
0.821429,0,3.782609,10,0,0.107143,1,1.766667,4,100,6.428571,37,8,1,0,1,0,7.6154,16,1.4167,3,4,0,0,0.1667,0.0833,0.5,0.8333,2,0.1667,1,0.1667,0,0,1.0833,2,1.5,0.0833,18,0.1667,47,22.6667,4.56
0.875,0,2.738095,8,0,0.020833,1,1.246154,6,0,8.645833,37,11,0.666667,0.665419,0.369274,1,12.1429,41,0.9091,4,5,0,0.1818,0.0455,0,0.2273,0.8636,2,0.7727,0,0,0,0.2727,2.3182,4,2.1818,0,51,0,106,28.6818,4.22
0.876623,0,4.103704,10,0,1.084416,4,2.382716,10,57.275,6.857143,37,18,0.842105,0.365148,1,0.365148,14.3929,23,1.5278,5,5,0,0.0278,0.1111,0.3611,0.4722,0.6389,1,0.2222,0,0,0,0.0278,1.4722,4,2.4667,0.1389,96,0.1667,112,45.3333,3.11
0.782178,0,5.987342,8,0,0,0,0.886957,6,0,3.108911,23,7,0.428571,0,1,0,19.7778,27,3.2,6,7,0,0,0,1.2,2.1,0.8,2,1.4,0,0,0,0,2.8,2,1.625,0,99,0.2,163,100.1,3.89
0.724138,0,4.28169,11,0,0.551724,5,3.578431,20,85.695,10.275862,57,15,0.789474,0.769319,0.667823,0.960769,6.2222,10,1.1842,5,4,0.0263,0,0.1053,0.2368,0.2105,0.5789,2,0.3947,1,0.0263,0,0.1053,1.4474,5,1.7941,0.2632,48,0.1053,108,32.4474,3.67
0.784091,0,5.15493,10,0,0,0,1.345455,8,0,6.454545,41,22,1,0.275786,0,0.881917,13.7308,39,1.1667,4,6,0,0,0.0556,0.0833,0.2222,0.8056,4,0.6111,1,0,0,0.1111,2.8889,5,2.8571,0,78,0.0278,70,33.4722,2.78
0.923077,0,6.547619,9,0,0.010989,1,0.87619,8,0,5.296703,37,16,0.590909,0.542012,0.371391,1,14.8182,31,1.2121,6,7,0,0,0,0.1818,0.1818,0.5758,2,0.3939,0,0,0,0,1.3939,24,5.5517,0,110,0.1212,125,45.6061,3.44
0.702128,0,4.12987,9,0,0.319149,3,4.098039,11,91.785,9.840426,45,16,0.8,0.417269,0.285714,0.483046,9.3571,64,1.4211,7,11,0,0,0.1579,0.0526,0.4737,0.7895,2,0.2105,1,0.0263,0,0,1.2632,3,1.9167,0.3158,54,0.0526,90,42.0526,4
0.94375,0,3.721854,11,0,0.00625,1,0.336898,2,0,7.25625,37,26,0.461538,0,1,0,11.6571,26,2.1481,5,19,0,0,0.0741,0.1481,1,1.037,3,1,3,0,0,0,2.2963,2,1.8519,0,135,0,85,55.1852,3.56
0.837398,0,3.830097,9,0,0.121951,1,11.858779,48,0,6.447154,37,33,0.307692,0,1,0,11.6944,36,3.075,4,24,0,0,0.075,0.425,1.425,2,3,0.375,3,0.725,0,0,2.5,4,1.95,0,191,0,86,56.525,2.89
0.755102,0,4.013514,9,0,0.020408,1,1.188679,4,0,7.683673,37,16,0.941176,0,1,0,13.931,63,1.9524,6,4,0,0,0.1905,0.0952,0.6667,0.7619,3,0.381,1,0.0476,0,0,1.5714,4,2.4,0,78,0.0476,115,45.1429,3.22
0.885714,0,3.842105,9,0,0.2,1,4.091743,15,99.905,8.571429,45,14,0.823529,0,1,0,11.6,61,2.1739,7,13,0,0,0.2174,0.087,0.8696,1.2174,2,0.1739,1,0.0435,0,0,1.2609,2,1.7826,0.1304,81,0,156,44.8261,3.22
0.904615,0,2.99322,9,0,0.012308,1,1.46131,18,0,9.046154,45,30,0.675676,0.431331,1,0.431331,17.3256,42,2.9512,7,18,0,0,0.1463,0.3171,1.2439,1.8049,2,0.2683,1,0.0732,0.0244,0,1.9756,4,2.0976,0,256,0,128,64.8049,2.33
0.868132,0,2.924051,9,0,0.157509,1,0.770035,7,100,7.25641,37,20,0.482759,0.751764,0.627646,1,19.8276,42,2.4571,6,13,0,0.0286,0.2286,0.3143,0.7714,1.2,2,0.4,1,0.0286,0,0.0571,2.1143,3,2.2571,0.0286,193,0,125,64.5143,2.56
0.903846,0,3.617021,14,0,0.009615,1,0.027523,2,0,9.682692,37,11,0.692308,0.856349,1,0.856349,19.6667,30,1.6316,5,4,0,0,0.0526,0.1053,0.7368,1.3684,1,0.2105,0,0,0,0.0526,0.7895,7,3.2105,0,131,0,122,53.7368,3.33
0.929688,0,4.983471,9,0,0.007813,1,1.174825,3,0,8.453125,37,16,0.8,0.624236,0.229416,0.945905,14.2857,27,1.4062,4,5,0.0625,0.0625,0.0938,0.0938,0.5312,1.0312,2,0.4688,0,0,0,0.1562,1.5938,8,3.2667,0,165,0.0625,110,45.75,3.56
0.964912,0,4.054545,10,0,0.122807,1,0.276923,3,100,7.894737,37,10,1,0.595188,1,0.668153,18.6154,44,1.1667,4,5,0,0,0.0556,0,0.5,1.2222,2,0.3889,0,0,0,0.1111,1.5556,4,2.0714,0.0556,51,0.2222,116,40,4.22
0.830769,0,4.583333,11,0,0.138462,1,2.963504,18,0,6.384615,37,8,0.363636,0,1,0,15.1429,56,1.0588,4,5,0,0,0,0.6471,0.4412,0.6471,2,0.2059,4,0.5,0,0,0.8824,4,2.7879,0,63,0.0294,79,32.7059,3.89
0.866667,0,4.192308,11,0,0.055556,1,1.684492,10,0,6.533333,37,10,0.391304,0,1,0,12.5556,56,1.5,5,8,0,0,0.1316,0.3947,0.5789,0.7895,2,0.1842,3,0.2632,0,0,1.0526,4,2.7273,0,116,0.1316,95,38.0789,3.56
0.875,0,3.357143,9,0,0.28125,1,0.323529,2,100,8.34375,38,6,1,0,1,0,25.5,74,0.4167,1,1,0,0,0,0,0,0.5,2,0.1667,0,0,0,0,0.25,2,1.5,0.0833,18,0.3333,94,21.5833,4.44
0.77037,0,2.853211,10,0,0.807407,7,6.830986,21,100,8.859259,37,13,0.444444,0,1,0,7.7143,21,2.1951,6,17,0,0,0.1707,0.0976,1.0976,1.122,2,0.1707,3,0.0244,0,0,1.0732,2,1.8485,0.122,104,0.1951,69,34.2927,3.89
0.830409,0,2.873239,10,0,0.22807,3,3.301136,16,100,6.777778,37,22,0.678571,0,1,0,12.1154,24,1.7222,3,10,0,0,0.2778,0.2222,0.6667,0.9444,2,0.1389,5,0.1389,0,0,1.3889,4,2.0312,0.0833,135,0.1111,119,41.4722,3.56
0.94898,0,4.83871,10,0,0,0,0.5,5,0,11.265306,37,12,0.416667,0,1,0,12.5385,24,2,5,5,0,0,0.1111,0.0556,0.7222,0.7222,1,0.1667,0,0,0,0,1.6667,2,1.7692,0,86,0.2778,109,40.0556,3.78
0.848101,0,4.208955,9,0,0.012658,1,2.609756,12,0,11.139241,45,10,1,0,1,0,14.7143,26,3.7273,6,9,0,0,0,0.6364,1.7273,1.6364,2,0.2727,0,0,0,0,2.4545,2,1.6364,0,45,0,100,60.9091,4.44
0.938202,0,3.994286,12,0,0.005618,1,8.649746,29,0,11.348315,37,22,0.588235,0,1,0,7.9677,17,2.9231,5,16,0,0,0.3333,0.2308,1.1538,1.4872,2,0.4872,1,0,0,0,2.1538,2,1.8857,0,113,0.1026,71,40.0513,3.11
0.958333,0,4.231884,8,0,0.027778,1,0.759494,3,0,9.069444,37,9,1,0.771538,0.6742,0.879049,15.6667,30,1.2353,7,5,0,0.0588,0,0.3529,0.1765,0.7647,1,0.3529,1,0.1176,0,0.1765,1.8235,6,3.2667,0,35,0.1176,143,39.0588,3.78
0.704545,0,5.701493,12,0,0,0,1.884211,6,0,6.931818,45,11,1,0,1,0,9.5806,20,4.5,11,5,0,0,0.5833,0.5833,0.5,1,2,0.5833,0,0,0,0,4.8333,3,1.8333,0,64,0,134,59.8333,3.11
0.992248,0,5.1875,10,0,0,0,1.528571,12,0,7,37,21,0.869565,0.295754,0,0.9,11.1154,30,1.7059,7,7,0,0.0588,0.1471,0.1471,0.5588,0.9118,1,0.3235,0,0,0,0.1471,1.9412,7,2.9412,0,99,0,137,41.9412,3.33
0.836957,0,4.961039,9,0,0,0,0.69697,6,0,7.402174,37,8,0.3,0,1,0,22.6429,42,3,4,7,0,0.5455,0.2727,0,1.0909,1.2727,1,0.6364,0,0,0,0,2.7273,4,2.8182,0,124,0,127,85.9091,2.56
0.886792,0,3.191489,8,0,0.396226,1,1.734104,8,30.53,7.943396,45,21,0.516129,0.77745,0.650444,0.919866,16.0741,32,1.5854,5,6,0,0.0244,0.0732,0.3659,0.2683,0.6341,3,0.3415,0,0,0.0488,0.0732,1.6098,7,3.9512,0.0244,194,0,127,48,3
0.845455,0,2.408602,9,0,0.054545,1,0.565574,6,0,6.790909,37,19,0.894737,0.48154,0,1,14.1364,21,1.5806,6,9,0,0.0645,0.0968,0.2258,0.4516,0.871,1,0.3871,0,0,0,0.1935,1.7742,6,3.2581,0.0323,110,0,125,43.4839,3
0.825,0,2.969697,8,0,0.025,1,0.785714,3,0,10.175,37,8,1,0,1,0,9.4545,21,0.9091,4,1,0,0,0,0.0909,0.5455,1,2,0.1818,0,0,0,0,0.3636,8,3.6364,0,26,0,135,38.3636,3.67
0.441379,0,4.5625,10,0,0.006897,1,7.244898,16,0,6.848276,45,34,1,0,1,0,5.2571,14,2.6341,5,16,0,0,0.1707,0,1,1.2195,2,0.0488,0,0,0,0,2.2439,2,1.8857,0,85,0.1463,39,23.7805,3.22
0.864078,0,3.188889,9,0,0.067961,1,1.935484,8,0,11.15534,45,21,0.833333,0.380668,0.117851,1,10.1154,21,0.902,4,5,0,0.0392,0.1569,0.0196,0.1961,0.6471,2,0.4118,1,0.0196,0,0.1176,1.0784,4,2.3,0,75,0.2157,62,22,3.54
0.820106,0,5.177215,11,0,0.042328,1,2.5,10,0,8.899471,37,28,0.78125,0,1,0,9.9,29,0.8065,6,3,0.0323,0.0645,0.0968,0,0.2581,0.6774,3,0.5806,1,0.1935,0.0645,0.0645,1.1935,7,3.3462,0.0968,45,0.1613,78,27.7742,3.23
0.752,0,4.772021,11,0,0.18,1,6.084249,22,100,6.316,45,32,0.9375,0.438124,0.102598,0.877058,10.5278,27,1.3922,5,5,0.1765,0.0588,0.1569,0.1373,0.3922,0.6078,3,0.1765,1,0.0392,0,0.098,1.2941,7,3.2821,0,122,0.2353,80,35.0196,3.08
0.788235,0,3.9,9,0,0.035294,1,1.533981,11,100,8.741176,45,19,0.76,0,0,0,22,34,1.1818,4,4,0,0,0.1818,0.1818,0.2727,0.6364,2,0.4545,0,0,0,0,1.7273,2,1.2,0,56,0.0909,115,38.3636,3.63
0.819277,0,5.760563,9,0,0.060241,1,2.404494,9,0,7.168675,49,10,0.533333,0.524075,0.154303,0.857143,6.3333,9,0.5455,2,1,0,0,0,0,0.1818,0.6364,1,0.3636,1,0.0909,0,0.0909,0.5455,5,2.7,0,10,0.0909,54,18.5455,3.54
0.76087,0,4.888889,10,0,0.195652,2,2.392857,8,0,6.391304,22,10,0.769231,0,0,0,11.8,29,2.2157,11,10,0.0196,0.0196,0.2353,0.3333,0.5098,0.8235,7,0.4314,1,0.0196,0.0196,0.0196,1.6275,6,2.4167,0.0392,176,0.0588,224,46.9412,2.94
0.84472,0,3.639706,9,0,0.124224,1,3.444444,16,0,7.888199,37,16,0.538462,0,0,0,9.7143,29,0.9216,3,10,0.0196,0.0196,0.0784,0.0784,0.3333,0.6667,2,0.2353,1,0.1176,0.0196,0.0588,0.549,9,4.6585,0,113,0.1961,113,36.1176,3.04
0.736842,0,4.511111,11,0,0.438596,5,1.859375,9,0,5.807018,37,11,0.909091,0,1,0,11.4737,21,0.6078,4,4,0.3529,0.0196,0.0392,0.0196,0.0588,0.4314,2,0.2941,3,0.0588,0,0,1.2941,6,2.186,0.098,69,0.1569,81,22.1373,3.71
0.690722,0,5.089552,9,0,0.103093,5,2.605263,6,100,6.639175,37,19,0.9,0,0,0,8.8333,24,0.8182,4,2,0.0909,0,0,0,0.1818,0.6364,2,0.5455,0,0,0,0.0909,1,3,1.5,0,17,0.2727,69,18.8182,3.99
0.590909,0,5.230769,10,2,0.181818,1,0.458333,2,0,3.636364,26,5,1,0,0,0,9.875,29,0.9412,4,10,0.0392,0.0392,0.0784,0.098,0.3137,0.7843,2,0.2745,1,0.1176,0.0392,0.0784,0.6471,7,2.8837,0,106,0.1569,82,29.9608,3.32
0.88,0,4,8,0,3.52,8,2.756757,8,100,12.32,45,5,1,0,0,0,10.15,20,1.4314,7,10,0,0.0196,0.0392,0.1569,0.3137,0.6667,2,0.3725,0,0,0,0.1176,1.098,5,3.025,0,115,0.2157,80,28.7843,3.46
0.957143,0,5.058824,10,0,0,0,0.408451,2,0,9.085714,37,8,0.875,0,0,0,7.1538,16,0.8387,2,6,0.0645,0.0645,0.129,0.0645,0.2581,0.7419,2,0.3226,1,0.1613,0.0645,0.0968,0.8387,7,2.8889,0,63,0.129,108,29.1935,3.18
0.770115,0,5.743243,11,0,0.195402,2,0.980769,8,32.56,7.931034,45,14,1,0.180316,0,0.595683,13.3333,29,1,2,3,0.2727,0.0909,0.1818,0,0.0909,0.9091,3,0.8182,1,0.1818,0.0909,0.0909,1.9091,4,1.7,0,23,0.0909,61,29.2727,3.46
0.880597,0,4.241935,9,0,0,0,0.109756,3,0,4.104478,14,13,0.6,1,1,1,6.0909,12,0.871,5,7,0.0968,0.0645,0.2903,0.0323,0.1935,0.4516,2,0.2258,2,0.0968,0.0645,0.0968,0.8387,8,4.5484,0.0645,23,0,88,30.7097,3.41
0.795276,0,4.970874,11,0,0.110236,2,3.167785,9,28.5,7.480315,36,16,0.64,0.411306,0.166667,0.755929,11.087,26,1.2157,5,11,0,0.0784,0,0.0196,0.3529,0.9608,3,0.5294,0,0,0,0.1569,1.2549,4,2.1842,0,86,0.2549,74,29.2549,3.13
0.791667,0,4.65,11,0,0.145833,1,2.152542,9,34.59,7.333333,20,10,0.833333,0.399521,0.141421,0.6,5.4,7,0.5455,3,2,0,0,0.0909,0,0.0909,0.2727,1,0.0909,0,0,0,0,0.3636,4,1.6364,0,11,0,38,12.7273,2.05
1,1,3.861702,8,0,0,0,0.521739,4,0,9.042553,37,12,0.6,0.66774,0.348155,0.904534,10.3333,15,0.4,2,2,0,0,0,0,0,0.1,2,0.2,0,0,0,0,0.5,2,0.6,0.4,7,0,57,20.8,3.05
0.958763,0,4.53125,9,3,0,0,0,0,0,7.85567,13,8,0.5,0,1,0,9.7083,29,1.6452,7,9,0,0,0.0645,0.1613,0.2258,0.5484,3,0.5161,0,0,0.0323,0.0323,1.4194,5,1.9583,0.0968,60,0.2258,77,26.5161,3.32
0.9,0,2.333333,6,0,0,0,0,0,0,14.5,37,3,1,0,0,0,13.0294,24,1.4118,6,15,0,0,0.1176,0.0196,0.3333,0.8431,3,0.2745,0,0,0,0,0.7647,2,1.6667,0,120,0.4118,120,28.4902,3.22
0.699115,0,3.962025,11,0,0.159292,1,5.688525,18,100,4.637168,37,15,0.6875,0,1,0,10.9412,29,0.7419,3,4,0,0,0.0645,0.0323,0.2903,0.5161,1,0.1613,1,0.0968,0,0.0323,0.4516,8,4.6522,0,55,0.2581,95,33.5484,3.17
0.444444,0,3.75,9,0,1,9,2.25,11,100,1.333333,8,2,1,0,0,0,8.0435,25,0.9592,5,7,0,0.0204,0.0204,0.102,0.4694,0.3061,2,0.3265,3,0,0,0.0204,0.5306,10,2.2093,0.3061,70,0.1224,75,28.3265,3.94
0.6875,0,6.387097,12,0,0.03125,1,2.994709,12,0,5.0375,37,15,0.5,0,0,0,10.4444,31,1.6667,8,5,0,0,0.1,0.0333,0.8333,0.4333,3,0.4667,2,0.0667,0,0,0.9,2,1.3913,0.1,76,0.2333,92,28.6,3.87
0.866667,0,4.538462,8,0,0.066667,1,1.333333,5,0,7.466667,17,4,1,0,0,0,6.3333,9,0.5455,2,1,0,0,0,0,0.1818,0.5455,1,0.1818,1,0.0909,0,0.0909,0.3636,7,3,0,13,0.0909,76,22.2727,3.01
0.754237,0,4.869565,11,0,0.271186,4,3.30303,12,0,4.949153,37,17,0.666667,0.489033,0.23355,1,10.963,28,1.1373,5,5,0,0,0.0392,0,0.4706,0.2353,3,0.3137,0,0,0,0,0.6471,3,0.6098,0.3137,103,0.1961,80,30.0392,3.66
0.692308,0,5.6,10,2,0.153846,1,1.142857,3,34.59,3.615385,11,3,1,0,0,0,14.5,15,0.1818,1,1,0,0,0,0,0,0.1818,2,0.1818,0,0,0,0,0.0909,1,1.2727,0.4545,5,0,93,19.8182,3.48
0.893401,0,4.693182,10,0,0,0,1.182648,5,100,10.086294,38,23,0.666667,0.813023,0.76277,0.858116,9.4375,24,0.7059,4,10,0,0,0.098,0.5882,0.0392,0.4706,2,0.2549,1,0,0,0,1.1765,4,2.5263,0,83,0.2549,78,32.8235,3.12
0.880435,0,4.954545,12,0,0.934783,4,4.22549,16,56.26,12.445652,45,19,0.73913,0.496341,0.3698,0.774597,7.8333,21,1.2,5,1,0,0,0,0,0.6,0.1,2,0.5,0,0,0,0,1.2,0,0,0,12,0.3,51,15,4.15
0.8,0,4.084337,10,0,0.05,2,1.241379,6,100,9.29,41,13,0.928571,0,0,0,9.8333,16,0.5455,2,1,0,0,0.0909,0.0909,0.1818,0.3636,1,0.1818,1,0.0909,0,0.0909,0.3636,5,3.375,0,21,0.2727,73,25.9091,3.19
0.757576,0,6.703704,13,0,0,0,2.025641,7,100,4.636364,16,5,1,0,0,0,10,15,0.1935,2,1,0,0,0,0,0,0.1613,3,0.3871,0,0,0,0,0.4839,0,0.9259,0.6774,14,0.129,65,26.129,4.17
0.846154,0,6.909091,8,4,0,0,0.578947,1,100,4.384615,15,3,1,0,1,0,12.3333,24,1.2903,7,6,0,0.0968,0.0323,0.3226,0.1935,0.871,2,0.6129,0,0,0,0.129,1.4516,4,2.1304,0,84,0.2581,80,29,3.25
0.84375,0,4.657407,9,0,0.007813,1,3.037037,14,0,10.304688,45,19,0.894737,0.510934,1,0.845154,6.0909,11,1.0909,4,2,0,0,0.0909,0.2727,0.1818,0.5455,3,0.4545,0,0,0,0,1.4545,2,1.4286,0,13,0.3636,52,19.1818,3.71
0.411765,0,8.75,11,6,0.647059,7,2.052632,7,100,2.176471,12,2,0.5,0,0,0,13,24,1.3636,3,3,0,0,0,0,0.6364,0.6364,1,0.0909,0,0,0,0.0909,0.1818,6,2.8889,0,19,0.1818,68,31.9091,2.76
0.74,0,4.539474,10,0,0.66,9,4.04386,15,0,5.74,37,14,0.7,0.553481,0.280976,1,11.2083,38,2.4,7,10,0,0,0,0,2,0,1,0.4,0,0,0,0,0.4,0,0,0.4333,74,0.1,88,42.4,3.88
0.969925,0,4.968992,9,0,0,0,0.577465,8,0,7.360902,37,18,0.473684,0.843274,1,0.843274,9.6957,23,2.5455,6,3,0.0909,0,0.2727,1.5455,0.1818,0.2727,1,0.0909,1,0.0909,0,0,2.1818,3,2.1,0,42,0.0909,80,41.7273,2.88
0.5625,0,6.333333,11,0,0,0,3.75,6,0,2.4375,12,8,0.75,0,0,0,17.8333,25,0.4118,3,4,0.0392,0,0.0588,0,0.0588,0.2353,2,0.2941,0,0,0,0,0.6078,2,1.1087,0.4902,73,0.098,75,23.9804,4.13
0.777778,0,4.946237,11,0,0.222222,2,3.175573,13,0,6.025641,37,16,0.6,0,0,0,13.16,30,1.1667,5,4,0,0,0.1333,0.0333,0.3333,0.6,4,0.5,0,0,0,0,2.3667,3,0.6786,0.1,57,0.0667,91,30.3,3.4
0.651515,0,5.386364,11,0,0.045455,1,1.292683,4,100,6.757576,36,13,1,0,0,0,21.0769,35,0.4118,2,8,0,0,0,0.0196,0,0.3725,2,0.2941,0,0,0,0,0.5098,2,1.1915,0,66,0.0784,41,15.9608,3.07
0.733333,0,3.744681,11,0,0.266667,4,1.855072,7,0,6.216667,37,14,1,0.43737,0.093659,0.95119,10.7692,18,1.2903,5,6,0.0645,0.0323,0.129,0.129,0.0968,0.5484,3,0.5161,0,0,0,0.0645,1.5484,3,1.44,0,66,0.1935,74,24.3871,3.57
0.719298,0,4.738095,10,0,0.052632,1,1.164384,4,100,7.017544,36,13,1,0,0,0,12.1111,29,1.0645,4,12,0,0,0,0.0968,0.2581,0.7419,4,0.5484,0,0,0,0,0.9677,4,2.12,0,67,0.1935,69,22.5806,3.21
0.886364,0,5.488372,10,0,1.772727,4,3.401961,15,100,10.886364,45,17,0.789474,0.382606,0.25,0.75,8,10,0.2727,2,1,0,0,0,0,0,0.2727,3,0.6364,0,0,0,0,0.6364,0,0.7778,0.4545,9,0.1818,55,19.5455,3.53
0.830769,0,4.163636,9,0,0.1,1,3.03871,13,0,11.007692,45,19,0.708333,0,1,0,10.5625,24,1.3226,4,9,0,0.129,0.3548,0,0.4516,0.5806,1,0.1613,1,0.0323,0,0.1613,1.3871,3,2.0435,0,75,0.2581,75,27.1935,3.38
0.75,0,5,10,0,0.125,1,2.029412,5,0,3.666667,15,6,0.857143,0,1,0,6.3333,9,0.5455,2,1,0,0,0,0,0.1818,0.5455,1,0.1818,1,0.0909,0,0.0909,0.3636,7,3,0,13,0.0909,75,22.1818,2.78
0.623377,0,5.96,9,0,0.11039,1,3.57764,17,100,5.798701,45,29,0.966667,0,0,0,9.3784,22,4.2549,10,20,0,0,0.3529,0.5294,2.3725,0.3725,4,0.9608,0,0,0,0,2.2353,3,1.5122,0,195,0.1961,94,51.2353,1.99
0.56917,0,5.958549,10,0,0.118577,1,5.264286,29,0,4.905138,45,37,0.820513,0,0,0,10.5,29,0.9804,6,7,0.0392,0.0392,0.0784,0.0196,0.3725,0.7255,3,0.4314,1,0.1176,0.0392,0.0784,0.8627,5,2.3864,0.0588,111,0.1373,79,28.8824,3.23
0.920188,0,4.875,11,0,0.018779,1,9.447368,38,100,8.126761,45,34,0.777778,0.408248,1,0.408248,9.5385,29,0.7097,3,3,0.0323,0.0323,0.0645,0.0323,0.2258,0.7419,2,0.3548,1,0.129,0.0323,0.0968,0.7419,5,3,0,35,0.1935,80,23.1613,3.44
0.677966,0,3.928571,9,0,0.322034,2,6.971014,16,67.425,3.813559,45,15,0.8125,0,0,0,12,36,0.5882,3,4,0,0.0196,0.1176,0,0.0392,0.3725,3,0.4314,0,0,0,0.0196,1.098,3,1.2093,0.2353,69,0.1569,88,21.8039,3.65
0.715789,0,5.521127,10,0,0.547368,2,5.271845,16,100,6.557895,36,16,1,0,1,0,12.0612,25,2.5806,5,23,0,0,0,0,1,1.0323,1,0.0323,0,0,0,0.0323,0.0645,4,2.9655,0,120,0.0645,80,47.8065,2.48
0.769231,0,6.7,9,0,0.307692,1,1.846154,4,100,4.615385,21,2,1,0,0,0,12.5556,29,1.0909,3,3,0,0,0.1818,0.0909,0.3636,0.6364,1,0.1818,1,0.0909,0,0.0909,0.6364,6,3.5556,0,26,0.1818,66,35.3636,3.1
0.788732,0,5.035714,8,0,0.183099,1,5.493151,13,0,5.098592,15,8,0.75,0,0,0,10.35,16,0.7059,4,5,0.0392,0.0392,0.0784,0,0.098,0.4902,2,0.5882,2,0.0588,0,0.0784,1.0784,3,1.4773,0.1176,66,0.1373,65,19.9804,3.61
0.398551,0,5.626866,11,0,0.550725,2,7.811189,20,100,3.442029,47,19,0.857143,0,0,0,9.4884,27,1.7255,8,8,0.0392,0.0196,0.1373,0,1.0196,0.1961,2,0.549,2,0,0,0.0196,1.0784,4,1.0889,0.098,83,0.1176,93,27.0196,2.8
0.5,0,3.8,9,0,1.347826,3,12.185185,24,100,4.76087,19,10,0.625,0,0,0,12.6,29,1.3529,4,18,0,0,0.0784,0.098,0.5686,0.7843,1,0.1176,1,0.0588,0,0.0392,0.4118,8,4.4222,0,155,0.1176,95,45.4902,2.27
0.481481,0,4.375,9,0,1.666667,7,2.515152,10,100,5.222222,22,9,1,0,0,0,11.8235,24,1.3871,6,7,0,0,0,0.1935,0.1613,0.5484,4,0.6452,0,0,0.0323,0,1.2258,4,1.619,0,62,0.3226,77,27.7097,3.4
0.744898,0,5.320513,10,0,0.336735,2,3.343137,12,100,7.234694,45,15,0.866667,0,1,0,9.6667,29,1.2258,6,5,0.1613,0.0645,0.1613,0.0323,0.2903,0.7419,2,0.3871,0,0,0,0.0968,1.5806,5,2.2174,0,58,0.2581,79,25,3.54
0.692308,0,5.888889,11,0,0.230769,1,3.170732,10,100,5.128205,37,6,0.833333,0,1,0,16.9167,21,2.7273,3,10,0,0,0,0,1.8182,0.9091,1,0.9091,1,0,0,0,0,2,1.6364,0,66,0,60,51.4545,3.53
0.535714,0,3.8,8,0,0.178571,2,2.117647,6,100,2.642857,15,7,0.875,0,0,0,14.3636,26,1.3636,5,3,0,0.0909,0.0909,0.0909,0.2727,0.8182,1,0.3636,0,0,0,0.1818,1.1818,4,2.4444,0,43,0.1818,77,34,3.4
0.707483,0,4.527778,9,0,0.591837,2,7.024242,25,100,6.054422,57,29,0.935484,0,0,0,11.3333,29,1.2258,4,9,0.0323,0.0323,0.129,0.1613,0.4516,0.7742,2,0.1935,1,0.0968,0.0323,0.0645,0.5806,6,4.1538,0,76,0.1613,82,40.7742,2.68
0.540373,0,4.888889,10,0,0.509317,3,5.191257,20,89.755,5.720497,45,22,0.814815,0.288675,1,0.288675,15.6667,22,0.3,1,1,0,0,0,0,0,0.3,2,0.6,0,0,0,0,0.3,2,0.9,0,9,0,29,12.4,3.72
0.643836,0,5.714286,10,0,0.589041,4,3.397727,10,100,4.931507,37,19,0.947368,0,0,0,10.8519,26,1.8387,6,5,0,0,0.1613,0.9032,0.5484,0.3871,3,0.2903,5,0.5806,0,0,1.7742,3,1.0455,0.0968,113,0.2903,77,31.5484,3.69
0.976608,0,4.245509,8,0,0.005848,1,8.146893,30,0,7.309942,45,16,0.5,0,1,0,8.6667,22,0.2,5,1,0,0,0,0,0.1333,0.0333,2,0.1,1,0,0,0,0.1,0,0,0.7667,7,0.0667,76,31.1,3.93
0,0,0,0,0,1,1,1,1,20.38,0,0,0,0,0,0,0,25,27,0.3636,2,3,0,0,0.0909,0,0.0909,0.1818,2,0.2727,0,0,0,0,0.5455,2,1,0.4545,20,0,70,28,3.28
0.825397,0,5.482143,10,0,1.047619,4,4.118421,11,100,8.222222,70,18,0.9,0,0,0,11.45,40,2.5882,7,13,0,0,0.1176,0.3529,1.3725,0.5098,2,0.4902,1,0,0,0.0392,1.2157,5,3.1951,0,188,0.1961,94,41.5098,2.61
0.593496,0,5.179487,13,0,0.878049,7,4.224638,19,100,5.03252,57,22,0.785714,0,0,0,7.9,13,0.5,6,3,0,0.02,0.04,0,0.14,0.28,3,0.38,0,0,0,0.04,0.74,3,0.7442,0.36,48,0.14,80,24.54,4.02
0.561404,0,5.708861,12,0,0.105263,1,4.436508,12,0,5.105263,37,26,0.925926,0.742362,0.536875,0.899735,5.7143,19,0.5806,5,7,0.0645,0.2903,0.1613,0,0,0.4839,2,0.3548,2,0.0645,0,0.2581,1.9355,10,4.1613,0,22,0,78,25.5806,2.75
0.700565,0,4.818182,12,0,0.508475,9,5.470588,19,100,5.463277,37,35,0.945946,0.360354,0.07581,0.99403,10.1724,27,1.8824,7,12,0.0392,0,0.0784,0.0392,0.902,0.7059,2,0.5686,1,0,0,0.1176,1.1569,5,2.7442,0,120,0.1569,84,33.098,2.75
0.538462,0,3.714286,6,0,0.076923,1,0.75,2,0,7.076923,57,5,1,0,0,0,8.6429,21,1.1373,8,6,0.0196,0.0196,0.098,0.1765,0.1765,0.6275,3,0.451,3,0.098,0,0.0588,1.1569,4,1.7045,0.1961,54,0.1373,97,25.8235,3.38
0.705882,0,4.788991,12,0,0.058824,1,24.387755,80,100,5.948529,38,32,0.941176,0,1,0,9.75,29,1.2903,4,10,0.0323,0.0323,0.0645,0.1613,0.4839,0.9355,2,0.2258,1,0.0645,0.0323,0.0645,0.5484,5,2.5172,0,79,0.0645,77,36.9032,2.76
0.6,0,6.333333,8,4,0.4,2,0.857143,4,100,2.8,9,2,1,0,0,0,11.25,14,0.4545,2,1,0.1818,0,0,0,0,0.1818,2,0.2727,0,0,0,0,0.5455,1,0.8,0.4545,10,0.0909,53,20.5455,3.83
0.163743,0,7.322917,10,0,0.099415,1,11.893204,27,24.44,0.964912,18,28,0.666667,0,0,0,7.4286,15,0.8,3,2,0.1,0,0,0,0.1,0.5,2,0.6,0,0,0,0,0.9,2,1,0,14,0.2,48,16.3,3.73
0.72973,0,5.051724,9,0,0.648649,4,4.301075,12,100,7.567568,45,17,0.894737,0,0,0,9.5556,23,1,5,8,0,0.0645,0.0323,0.129,0.1613,0.6452,2,0.3226,0,0,0,0.0645,1.0323,3,1.6154,0,44,0.1613,73,19.6774,3.45
0.746479,0,5.055556,10,0,1.309859,12,3.771084,14,100,3.070423,37,14,0.857143,0,0,0,7.7778,14,1.0909,5,3,0,0,0,0,0.2727,0.5455,2,0.2727,0,0,0.0909,0,0.6364,3,1.5,0,17,0.2727,73,19,3.59
0.677686,0,5.310345,9,0,0.066116,1,10.782946,34,0,4.272727,20,20,0.708333,0,1,0,11.3846,25,1.871,7,5,0.0323,0,0.1613,0.129,1,0.2903,4,0.7419,1,0.0323,0,0,1.2903,3,0.96,0.0968,76,0.1935,90,35.3548,3.49
0.853503,0,4.820896,11,0,0.003185,1,11.053892,37,0,5.93949,37,43,0.627907,0,1,0,9.1875,29,1,3,10,0.0392,0.0392,0.0784,0.1176,0.3529,0.8039,2,0.2745,1,0.098,0.0392,0.0784,0.6275,7,2.9333,0,115,0.1176,140,35.3137,2.59
0.588235,0,6.1,11,0,0.176471,1,1.619048,4,100,5.176471,37,6,1,0.679366,1,0.679366,7.2857,16,0.6364,2,1,0,0,0,0.0909,0.2727,0.4545,1,0.0909,1,0.0909,0,0,0.2727,4,2.875,0,16,0.2727,70,21,3.51
0.488889,0,5.5,9,0,0,0,5.088889,13,0,7.866667,45,7,0.875,0,1,0,11,27,1.8039,6,7,0,0,0.0392,0.4118,0.6863,0.4314,3,0.4314,0,0,0,0,1.0784,3,1.5263,0.0784,137,0.2549,77,32.549,3.33
0.593496,0,5.179487,13,0,0.878049,7,4.224638,19,100,5.03252,57,22,0.785714,0,0,0,10.4444,25,1.3636,4,3,0,0,0.0909,0,0.3636,0.7273,3,0.5455,1,0,0,0,1.1818,2,0.7778,0.2727,28,0.1818,62,24.6364,3.82
0.916667,0,3.818182,5,0,1,2,3.1875,8,100,7.583333,20,3,0.75,0,0,0,8.4118,14,0.7843,6,6,0.0784,0,0.098,0.098,0.1176,0.3922,2,0.1765,2,0,0,0.0196,0.7255,3,1.5714,0.1569,62,0.0392,139,25.8627,3.32
0.643258,0,5.879032,11,0,0.092697,1,5.086592,28,0,5.275281,45,18,0.62963,0,1,0,12.4286,28,0.8387,5,5,0.0968,0.0645,0.129,0.0645,0.1613,0.6452,2,0.4839,1,0.0968,0.0645,0,2.5161,5,1.5,0.0645,52,0.0968,106,27.9677,3.27
0.64,0,2.8125,7,0,0.24,1,1.785714,8,0,4.28,14,4,0.8,0,0,0,10.5833,27,2,7,3,0,0,0,0,1.4545,0.0909,3,0.5455,0,0,0,0,0.6364,0,0,0.2727,31,0.0909,77,27.3636,3.56
0.593496,0,5.179487,13,0,0.878049,7,4.224638,19,100,5.03252,57,22,0.785714,0,0,0,10.9706,29,1.1961,6,8,0,0.0196,0.098,0.1373,0.1961,0.5882,2,0.2353,0,0,0,0.0588,0.9412,7,3.725,0,117,0.2157,78,29.1373,2.82
0.457143,0,5.65,8,0,0.028571,1,0.928571,3,100,2.914286,14,4,1,0,0,0,15.75,26,0.8182,3,2,0,0,0,0.0909,0.1818,0.4545,1,0.2727,1,0,0,0,0.8182,4,2.125,0.0909,21,0.2727,74,28.1818,3.35
0.915842,0,5.248649,10,0,1.158416,3,7.443478,34,100,7.113861,45,29,0.647059,0,1,0,8.4286,15,0.8182,6,2,0,0,0,0,0.4545,0.3636,3,0.5455,0,0,0,0,0.7273,2,0.4444,0.2727,12,0.1818,59,17.3636,3.68
0.909605,0,4.310559,7,0,0.180791,2,8.93299,38,100,7.435028,37,21,0.633333,0.634097,0.207514,1,12.4688,21,1.7097,5,15,0,0.0323,0.0645,0,0.5161,1.0968,1,0.1935,1,0.0968,0,0.0323,0.4839,3,1.8333,0,96,0.2258,68,30.6452,3.31
0.619048,0,5.967742,10,0,0.02381,1,2.06,5,0,5.047619,28,8,1,0,0,0,9.8667,24,0.3922,4,3,0.0392,0,0,0.098,0,0.1176,5,0.4118,0,0,0,0,0.6471,2,1.0435,0.6667,39,0.098,78,33.098,3.8
0.514286,0,5.155172,10,0,3.148571,15,3.333333,15,100,4.622857,28,17,0.736842,0.819067,0.697486,0.92582,8.1429,13,0.8182,5,3,0,0.0909,0.0909,0.2727,0.2727,0.7273,1,0.2727,0,0,0,0.0909,1.4545,3,1.7273,0,16,0,64,20.9091,3.34
0.425926,0,5.862069,12,0,0.685185,4,3.04878,18,100,4.231481,28,19,0.8,0,1,0,12.3889,35,1.6452,6,4,0,0.0323,0.1613,0.3548,0.3548,0.3871,2,0.2258,1,0.0323,0,0.0323,1.2581,4,2.1905,0,94,0.3226,80,31.8387,2.79
0.586957,0,4.711864,10,0,1.576087,5,1.627273,6,100,6.347826,57,20,1,0,1,0,12.3333,30,1.5484,6,10,0,0.0968,0.2258,0.0968,0.5161,0.5484,1,0.1935,1,0.0323,0,0.129,1.6452,3,2.72,0,74,0.1935,109,34.7419,2.92
0.440678,0,4.78125,10,0,2.59322,11,2.721311,11,100,5.254237,43,7,0.857143,0.57735,1,0.57735,7.3125,15,1.5882,10,9,0,0,0.0784,0.0392,1.0392,0.2745,3,0.3922,0,0,0,0,1,2,1.1707,0.2941,89,0.1961,95,23.902,3.34
0.55,0,6.2,8,2,1.4,4,1.952381,8,34.59,3.8,20,3,1,0,0,0,15,17,0.2727,1,1,0,0,0.1818,0,0,0.0909,4,0.9091,1,0.1818,0,0,1.3636,0,0.2222,0.3636,12,0.1818,47,16.7273,3.91
0.546125,0,5.303922,11,0,5.295203,41,5.426523,41,31.545,4.95572,41,22,0.538462,0,0,0,8.5714,15,0.3871,6,2,0,0,0,0,0.3226,0,1,0.0645,0,0,0,0,0.0645,0,0.3871,0.871,12,0,80,35.9032,3.73
0.362694,0,5.4,12,0,6.284974,20,6.056034,22,100,4.212435,51,27,0.6875,0,1,0,10.6923,29,1.5455,6,2,0,0,0,0,0.9091,0.4545,3,0.7273,0,0,0,0,1.0909,2,0.5,0.2727,28,0.0909,58,30.0909,3.71
0.664908,0,5.132911,10,0,4.216359,22,6.168317,30,28.5,5.74934,43,29,0.774194,0.461727,0.091287,0.816497,6.2,9,0.4545,2,1,0,0,0,0,0.0909,0.6364,1,0.2727,0,0,0,0.0909,0.4545,5,3.1111,0,9,0.1818,54,18.7273,3.44
0.620112,0,4.863014,10,0,2.608939,9,3.572917,18,31.545,3.843575,28,14,0.8125,0.576179,0.3515,0.78072,12.7143,29,1.129,4,9,0,0,0.0968,0.0645,0.4516,0.6452,1,0.1613,1,0.0645,0,0.0323,0.4516,8,4.2,0,96,0.1935,115,39,2.96
0.527066,0,4.604348,11,0,3.062678,21,3.66005,24,0,6.150997,51,36,0.868421,0,0,0,7.4375,16,1.1373,4,13,0.0392,0.0392,0.0784,0.1569,0.4118,0.8824,2,0.2745,1,0.098,0.0392,0.0784,0.6471,5,2.8444,0,134,0.1176,110,36.1373,2.76
0.645963,0,4.157407,12,0,1.490683,7,1.354497,7,100,4.124224,22,23,0.666667,0,1,0,16,22,1.1818,2,2,0,0,0,0.1818,0,0.1818,1,0.3636,0,0,0,0,0.9091,3,1.6667,0,38,0.1818,58,30.5455,3.13
0.376623,0,6.297297,12,0,0.831169,4,2.482759,12,100,3.649351,28,9,0.8,0,0,0,7.3077,12,2.1818,5,4,0,0,0.2727,0.1818,0.5455,0.7273,2,0.3636,0,0,0,0,2,1,0.8889,0.0909,23,0.1818,71,28.2727,3.48
0.616883,0,5.766756,12,0,5.91342,42,10.517928,84,30.53,7.606061,43,24,0.566667,0.785523,0.710047,0.96875,10.963,23,1.7255,4,19,0,0.0392,0.0392,0,0.6078,0.7647,1,0.1373,1,0.0196,0,0.0784,0.4118,3,2,0,121,0.1961,85,28.6667,3.38
0.563636,0,5.485714,9,0,1.290909,5,1.642857,5,28.5,3.872727,36,5,1,0,0,0,8.9412,29,1.451,4,18,0.0196,0.0196,0.0392,0.2157,0.5882,0.9412,2,0.1373,1,0.0588,0.0196,0.0392,0.3529,7,2.5957,0,173,0.0784,175,42.6471,2.45
0.575916,0,6.085714,9,0,11.732984,29,11.732984,29,100,2.486911,40,20,0.2,0,0,0,15,31,1.7273,3,5,0,0,0.0909,0,0.7273,0.7273,3,0.9091,0,0,0,0,1.1818,2,1,0.2727,46,0,70,38.2727,3.78
0.152542,0,7.371257,12,5,0.20339,8,27.605042,66,0,0.639831,14,32,0.4375,0,1,0,14.3478,32,0.72,6,5,0,0,0,0,0.28,0.2,2,0.36,0,0,0,0,0.54,0,0.3077,0.48,81,0.22,78,33.12,3.73
0.229075,0,4.130435,6,2,15.264317,40,14.259259,40,100,2.563877,28,9,0.166667,0,0,0,11.25,21,0.451,4,4,0,0,0,0.1961,0,0.0588,3,0.1765,1,0,0,0,0.6667,2,1.2041,0.5686,38,0.0392,68,21.2941,3.08
0.460993,0,5.693878,10,0,3.29078,9,3.713333,11,100,3.29078,28,19,0.9,0.636075,0.282843,0.90045,9.8929,28,1.4839,6,7,0,0.0645,0.1935,0.2581,0.2258,0.7419,1,0.2581,0,0,0,0.129,1.129,7,4,0,43,0.1935,87,30.5806,3.48
0.489796,0,5.432432,9,0,1.44898,4,1.781818,4,33.575,4.591837,41,5,1,0,1,0,9.087,29,1.129,8,3,0.0968,0.0323,0.0645,0,0.6129,0.5484,3,0.5161,1,0.0968,0.0323,0.0645,0.9677,5,1.88,0.0968,50,0.1935,77,24.5806,3.52
0.527066,0,4.604348,11,0,3.062678,21,3.66005,24,0,6.150997,51,36,0.868421,0,0,0,13.46,38,1.6667,7,7,0,0,0.1176,0.1373,0.5098,0.902,3,0.2353,1,0.0196,0,0.0196,0.7843,4,2,0,128,0.3529,148,34.1961,2.81
0.137931,0,7.26087,10,6,3.344828,7,3.129032,7,100,1.103448,8,4,0.8,0,0,0,9.75,29,0.9608,4,11,0.0196,0.0392,0.0784,0.0588,0.3333,0.7451,2,0.2745,1,0.1373,0.0392,0.0588,0.6667,8,4.4286,0,118,0.1765,115,35.0196,3.02
0.580952,0,3.835821,9,0,0.771429,6,0.9,8,0,7.295238,41,8,0.875,0,1,0,16.2308,32,1.2581,3,9,0,0,0.129,0.2581,0.2581,0.7097,2,0.2581,0,0,0,0.129,1.0968,4,2.1923,0,127,0.1613,79,37.8387,3.17
0.619048,0,4.352941,9,0,0.666667,4,0.857143,4,0,6.095238,41,2,1,0,0,0,10.5556,21,1.3636,4,3,0,0,0.0909,0,0.3636,0.7273,3,0.5455,0,0,0,0,1.1818,2,0.7778,0.2727,32,0.1818,58,24.7273,4.19
0.473684,0,6.234783,12,0,0,0,3.189944,12,0,5.80117,57,32,0.685714,0,0,0,8.5333,21,3.6364,6,6,0,0,0,0,2.9091,0,1,0.7273,0,0,0,0,0.7273,0,0,0,35,0.0909,60,31.7273,4.14
0.620253,0,4.42,10,0,1.405063,4,1.416667,6,100,6.582278,57,19,1,0,0,0,11.3913,37,1.0968,7,3,0.0968,0.0323,0.0645,0,0.5806,0.5484,3,0.5161,1,0.0968,0.0323,0.0645,0.9677,5,1.88,0.0968,53,0.1935,90,25.9355,3.5
0.503226,0,6.115044,12,0,0,0,2.776471,10,0,6.529032,57,28,0.793103,0,0,0,9.5882,29,1.098,4,11,0.0392,0.0392,0.0784,0.1176,0.3922,0.8627,2,0.2745,1,0.1373,0.0392,0.0784,0.6863,7,2.8,0,99,0.1176,88,30.4314,2.77
0.25,0,7.804598,10,0,20.456522,40,20.543478,40,100,2.217391,43,8,1,0,1,0,11.0222,22,1.9608,5,10,0,0.0196,0.1961,0.3137,0.2745,0.7843,3,0.3922,0,0,0.0196,0.0392,1.6078,4,2.0556,0,135,0.2941,78,31.7843,3.57
0.489796,0,5.432432,9,0,1.612245,5,2,5,33.575,4.591837,41,5,1,0,0,0,10.1739,29,1.0968,7,3,0.0968,0.0323,0.0645,0,0.5806,0.5484,3,0.5161,1,0.0968,0.0323,0.0645,0.9677,5,1.88,0.0968,61,0.1935,76,24.9032,3.75
0.393939,0,5.538462,10,0,2.212121,8,2.739496,17,32.56,3.959596,36,14,1,0,0,0,11.5,23,0.5455,3,2,0.1818,0,0,0,0,0.4545,2,0.4545,1,0.0909,0,0,1.4545,1,0.25,0,11,0.2727,48,11.8182,3.97
0.46875,0,5.736842,10,0,1.90625,4,1.918919,4,0,5.09375,45,4,1,0,0,0,8.4737,22,3.1818,10,4,0,0,0,0.3636,1.7273,0.5455,3,1,0,0,0,0,1.6364,2,1.3,0,44,0.0909,83,43.3636,3.14
0.541284,0,5.679487,10,0,0.201835,4,5.273438,29,100,5.798165,28,17,0.833333,0,0,0,9.6111,29,0.9032,4,5,0.0323,0.0323,0.0645,0.0323,0.3226,0.7419,2,0.2581,1,0.129,0.0323,0.0645,0.6452,9,4.8077,0,59,0.1613,96,37,3.15
0.425,0,7.764706,12,0,0,0,3.25,7,0,5.3,37,6,1,0,0,0,8.0667,19,0.7,6,2,0,0,0,0,0.3667,0.1333,2,0.2667,1,0,0,0,0.4333,2,0.6296,0.5333,21,0.1,86,24.4,4.24
0.523936,0,4.752727,10,0,3.388298,15,4.057416,23,0,6.226064,41,29,0.657895,0.778107,1,0.778107,7.5385,16,0.6129,3,3,0.0323,0.0323,0.129,0.0323,0.1613,0.5484,2,0.3548,1,0.1613,0.0323,0.0968,0.7742,7,4.5,0,35,0.2258,80,26.0968,3.1
0.350282,0,6.892157,10,0,0.141243,1,8.597087,26,28.5,1.418079,29,33,0.939394,0.44345,0.203653,0.763763,7.5,16,0.5455,2,1,0,0,0,0,0.1818,0.6364,1,0.3636,1,0.0909,0,0.0909,0.5455,5,2.7,0,13,0.0909,70,20,3.35
0.395939,0,6.643599,12,0,25.601523,89,25.803922,89,100,4.048223,45,23,0.487805,0,0,0,8.9048,29,1.0645,6,3,0.0968,0.0323,0.0645,0,0.5484,0.5484,3,0.5161,1,0.0968,0.0323,0.0645,0.9677,5,1.88,0.0968,48,0.1935,69,23.7097,3.35
0.487085,0,5.347594,12,0,6.852399,32,7.585209,32,31.545,6.97048,51,19,0.608696,0,0,0,9.5,29,0.9355,4,6,0.0645,0.0645,0.129,0.0645,0.2581,0.8387,2,0.3226,1,0.1613,0.0645,0.0968,0.8387,5,2.7308,0,53,0.1613,76,27.7097,3.16
0.455882,0,5.981132,9,2,2.191176,6,2.630952,8,29.515,3.235294,28,5,0.8,0,0,0,11.2222,20,0.7647,6,7,0,0,0.098,0.2745,0.0588,0.2353,3,0.2549,0,0,0,0,1.0196,5,1.7083,0.4118,62,0.0588,84,28.1373,3.96
